measure_time,block_height,block_hash,block_tx_count
measure_time,block_height,block_hash,block_tx_count
measure_time,block_height,block_hash,block_tx_count
measure_time,block_height,block_hash,block_tx_count
measure_time,block_height,block_hash,block_tx_count
measure_time,block_height,block_hash,block_tx_count
2024-01-21 07:06:47.002281,21,0xa8258bd93c8f788820c6d2eb4c7ee5315fb1dd15b81a388d5895af16962259d7,0
2024-01-21 07:07:02.002010,22,0x7853b5ce4622888c47e62b61eb9ea981c000a257df6f391259f569727d2fa7f8,0
2024-01-21 07:07:17.002319,23,0x51835e2acb3d40802361e1f9547ea314ebae47d90d01655e57c7946257bdd77b,0
2024-01-21 07:07:32.002072,24,0x99cf74f55fa7376236780d89e2950444db97232ff83cf893c084b57283e48e97,0
2024-01-21 07:07:47.002463,25,0x4f3337de59fcf751b09e7252107b1840775c0fec7cf76baa4aa457c479413cc3,0
2024-01-21 07:08:02.000740,26,0xff08ba249ad0f1f9a594ef002a5a63d5b4c1eabbb948ef12780aa73b1f6ced82,0
2024-01-21 07:08:17.001656,27,0xa0d0b96a841a9400c2ee6eeb1c3e9d7d2a397b4a95ab1cdd34ce0392b0f4417b,1
2024-01-21 07:08:32.002288,28,0x9124c2d358668f5cc09598cd9ca132b1c2dca1166b7b6e46cd022e2eb1a9b887,3
2024-01-21 07:08:47.002257,29,0x76d1768e4f14ced4d92eda03f94997a58abf2570e8ee0e6f7ed692b023f63f30,3
2024-01-21 07:09:02.000988,30,0x6960905a5c368cf4f264d3a7eaf0972a4488602a6b8322fbf9e95fd54d90827f,3
2024-01-21 07:09:17.001478,31,0x3d218425aebfd744db05f17bf4cff968f6dce2cdd7b279bf78b93526a3496fc7,3
2024-01-21 07:09:32.001778,32,0xe11948e242b3d62e99fdb2b59c1296401445e88492454f0a5534575fdb8345db,3
2024-01-21 07:09:47.002828,33,0xf76e9d202a03d24882d83f8dd85242b740a066f534667912329f81efbc73a3ee,3
2024-01-21 07:10:02.000656,34,0x27c1ffb8efca41ab9a66620e52aab0a67126443098bbbf5dffd1b3b96c238f4c,3
2024-01-21 07:10:17.001756,35,0xe1d850c07441b68394c302452f063f6cfae7a6fad7d7e233a9ad346b94a79573,3
2024-01-21 07:10:32.002388,36,0x6a67773b485723bea5c53fe1c74835e7ad9692cb2fe772b815550cbd5d6a4ce3,3
2024-01-21 07:10:47.001797,37,0xe84cbf3998fde28fedc1e1f395a25cffb098262fc54bfe688dceb940ec992727,3
2024-01-21 07:11:02.001190,38,0x12a8cd683a39b3c3edb96e238e82ea6be82adc2f91e2ba837d53d0a7740c70ad,3
2024-01-21 07:11:17.001116,39,0x88910e4910201fe12fcc5a7af90b03279bfa27e698a4640d13e257910a7da202,3
2024-01-21 07:11:32.002606,40,0x2331813f3fc06ab4992730931693fd5ca7942de27a9406765537c52fd2c8abf6,3
2024-01-21 07:11:47.002003,41,0x862cd8e45726e1b6bcdf55354e4c8e5470c076f8aa7995d76d197052cf05736b,3
2024-01-21 07:12:02.001779,42,0x3f2ab7f77b7c80024f0b87d3541fe4e648613ababfa526142b20c5769facaef6,3
2024-01-21 07:12:17.002291,43,0x5ca2400ab7606cdfb4a40c196cc3e1ddc46b258423dc95956d5812ffa9f177b4,3
2024-01-21 07:12:32.001741,44,0xf4b1c02d156a66d667cf71cc0cbfbd1dd462b56b3f11fd97df221ea6d8455201,3
2024-01-21 07:12:47.002065,45,0x0ee2abc63302fe0ab01a3f3d81d6fdf4546ecd84596ee6741fd9493a32bda09d,3
2024-01-21 07:13:02.001878,46,0xecca5932f1e997d45d1f2edc8563ed62deee5e775d99c29aae02940606614e1a,3
2024-01-21 07:13:17.002256,47,0x085154988f72a55f9c5a90a258b054672d1d893fcd3726ae80dad9e084d03269,3
2024-01-21 07:13:32.002503,48,0x431a1643addcd1d17de8d3c1dafc659807df6a59e044fb4c2a8c3330cc83c8a6,3
2024-01-21 07:13:47.001781,49,0xf4441f030986606fbb7ac127ae4b93016da07cae1ece2a4320a262218cf0ceb4,3
2024-01-21 07:14:02.001064,50,0x268465f5781472be4e9c7ddef0b94fc97aaa5373becc0d20dd35f17ce5157689,3
2024-01-21 07:14:17.002450,51,0x458abd11cd796a51fae8af359bc8ae8c4bc4240870ce738b2ee836c4d58fa774,3
2024-01-21 07:14:32.001525,52,0xc91fca461a28a6114947601868878510b4760d9570416dd8c951581870a664bc,3
2024-01-21 07:14:47.001169,53,0x7e3e4aeb5411c5139b23c09a8840898bcdda70bd09d0d9f0e632682071ae5c3f,3
2024-01-21 07:15:02.002260,54,0x1ec12de980c631b33f0451e16474675abf6be83277d5c82e4538528b9c9af38a,3
2024-01-21 07:15:17.001473,55,0x40c62cff90ea2751b44f9f21d4ab3cf1f0731b2696877c4381cc72457d62f7b8,3
2024-01-21 07:15:32.001347,56,0x39c22760dd45da4ce182747e338a3595d76e1c4914a11845aaa49f661eb98065,3
2024-01-21 07:15:47.002796,57,0x57166a9d6e73a7c10ad80e898fbbfeb161afbf72994a367ea5e191a5b2d9697c,3
2024-01-21 07:16:02.001821,58,0xbeda592aff37c1e780941a40a2a1fad331d0a1999d2f4bb5ba60b15855a00c41,3
2024-01-21 07:16:17.001861,59,0x838cd6e7a9bcf56b5bca5aeafc879c87dfd5cf261a83fd78122752dda3367dde,3
2024-01-21 07:16:32.002471,60,0xe98c7e435d12eb1b40ae87d8254f7d41a6b900e51905345124ec2b9e7c4b6ed6,3
2024-01-21 07:16:47.002164,61,0xd291232d3b3e22db1129313d358a00d8693149b1538800b479fdeaddf228b932,3
2024-01-21 07:17:02.001681,62,0xff028e82a5bcaa43d274dd291a3c18832461c355955254e2134ad372ff748814,3
2024-01-21 07:17:17.002840,63,0x334cd548802e896f356067c2575d15638fcd78e6eb5b54878d3d4dce2e56bbee,3
2024-01-21 07:17:32.001658,64,0xaf73cfbc218bbb00cbb217f7340c83930f77229be63b44f1b78662304191197e,3
2024-01-21 07:17:47.002452,65,0xe456763f31f1f4c74023df70c7796b0fc2d91a3202cc89824515386e11045634,3
2024-01-21 07:18:02.002800,66,0xc3820aae3298aa09444cb6cbc63b666d121ac56136495f6a257944128af7893f,3
2024-01-21 07:18:17.001893,67,0xeeeb42723fdd13cecc71352e849ad904474bd57be62b258cfc7e57cd197d81a0,3
2024-01-21 07:18:32.002290,68,0x7b1671f7133c5ab2d4d15f8f666c9e913eb9d20109c4fddbf3091105ed51ae3c,3
2024-01-21 07:18:47.002214,69,0xf63ecbeaf658982ed9dd2f4a4e89f46622f1cf29f6383615174a286c9e5009da,3
2024-01-21 07:19:02.001348,70,0x53d547721989d8e2fdfed7218ad08c6537f1e75d6e94c4859957f9d2579a14b9,3
2024-01-21 07:19:17.002739,71,0x970dc23f9cb4ddf1c33d52c9c9b75e66452021d3e8c4c27c42df87ca23494699,3
2024-01-21 07:19:32.000566,72,0xa10b83762cf8844838f99490c86ba10d044558f82e7a69b6e05e99dbef7aad82,3
2024-01-21 07:19:47.002134,73,0x03b07e0a045d004938072131479e701526eb472a694a4f74c1ea6c98bece612b,3
2024-01-21 07:20:02.001870,74,0xb72a3a87b0a156d49c1cf3039e507b344f2653d1e53257f86faf9039708de9c5,3
2024-01-21 07:20:17.002169,75,0xdb90d81803d4f36cc18b434cbde89648e312cfa7b79dcd8d112404f466e6e1b7,3
2024-01-21 07:20:32.002434,76,0x3641f28d26126b2300bfd74895c56d40a46579c36d1e50e584abc66f47929f02,3
2024-01-21 07:20:47.002009,77,0x3551366c354c65905cd7f80d8e24c71bd2b95ef542e89a161248d44af11bab28,3
2024-01-21 07:21:02.002205,78,0x8aae07231dcf3eacd3645c8a67fbbb2908dfffcf1e1e7b0254d44181a2ab31e4,3
2024-01-21 07:21:17.001922,79,0x3a94d8ff59c8c13cc906b2f4da27665f1d767584c3fa3b068bacdc6ec1e395e0,3
2024-01-21 07:21:32.002052,80,0x5500304d5845eac1261bbd586ecada597b908e1e2ca3aea23692d9725b350c19,3
2024-01-21 07:21:47.002663,81,0x5d51f0a5070fc87ff4f4b4f566fddab2947392dd93f1f32b5cb8382c9b63cc84,3
2024-01-21 07:22:02.001561,82,0xa26d390dcc00e6d8b7df0bc48a69f09b12205cd937ae78692d5d3c9ac4a2599a,3
2024-01-21 07:22:17.002289,83,0x6a58ac40b9fdff7edd1aebff0ca4c5a91f0c575e496346ccedb14c42f4823f88,3
2024-01-21 07:22:32.002073,84,0xd3cab5254f8e192395a2508d02d44ce581d9ca77dedb064632248f27624f699f,3
2024-01-21 07:22:47.001865,85,0x6e85734e0071e69d5a4ad3d97d5cc097333a154220c19c306332e7919d4dd8f0,3
2024-01-21 07:23:02.002036,86,0x6cc12047c65c3509df24d0619fdfd1eac298aaf2fcd0382d508c031a78b87d51,3
2024-01-21 07:23:17.000942,87,0x67eaf65315c48d5b7225622245e3b32ab25c621ec4d81d1943e46e632a7ce26e,3
2024-01-21 07:23:32.002898,88,0x0c0121f6e9256b1f026799386e42ae96ab76ab7dc17fcfcbe7c915b39c91c08f,3
2024-01-21 07:23:47.002398,89,0xf727a3be031a491d66612d694d73ceb5a2e9291472e9022bd5bfe3c426d08253,3
2024-01-21 07:24:02.001238,90,0x745b5d87cc1a4a5b2c6ef18938e84432aa1159875ad57ed5a7b79addd1aecb74,3
2024-01-21 07:24:17.003008,91,0xc4b1997446612748ad7e40d9fd9722b434519fc6118fe311ecb48f624b62fd13,3
2024-01-21 07:24:32.002406,92,0x04e334d47f50a635de680480ee05f82c6212ce16b3aeec216a0fde8f50c62548,3
2024-01-21 07:24:47.002890,93,0x6460cd45dbe14f9396f6e65822ac144d1a184f580041434969b8cd37b72efec9,3
2024-01-21 07:25:02.001655,94,0x994e6bb1e6523ef409514d81da56c9d71fb59dccc88d1ce9062c32ff5c44f89b,3
2024-01-21 07:25:17.002476,95,0x5d89991fb9611dd07bf8cfbd8678b34344f94480b07e40b6afc7f23e6c769488,3
2024-01-21 07:25:32.001882,96,0x8af7feb9f8783f8e3bc6a684f60c0a576d3ef67f32ae94b02945d9bd1473b519,3
2024-01-21 07:25:47.002013,97,0xc7a5b3d8d5f862f77db06660c6c685497105afbab1226848fe747f70e0deddba,3
2024-01-21 07:26:02.001377,98,0x91f0d002b5670f6543f1e25e60917d24666178aaedad518745e93dddddafde3b,3
2024-01-21 07:26:17.002004,99,0x02b1ac19de590a86c0ded243c45fa6a6f23699f3a4eb06b99b3dbc577a388a17,3
2024-01-21 07:26:32.002462,100,0x9ab32fb9813796529322c3e2d77d99207b20b021fac4dfa5cf03a0ec3d44491d,3
2024-01-21 07:26:47.002429,101,0x3f7189df8cc908b62a3d21171f86ebef9e37dde42100331026620255f713a7e5,3
2024-01-21 07:27:02.002704,102,0xc541579892231dc86aaf0d214f77c74e575faedc9e7001f1a49718f33a9c61ca,3
2024-01-21 07:27:17.002153,103,0x8aebb57d07f83fdb8ede54fe3cb48d17e529cad3a7cdf2d676177ab0c2cd5144,3
2024-01-21 07:27:32.002589,104,0x769479688164ca7981da66e8454bfb21cae8138e3e28378fe8fac41273c991e5,3
2024-01-21 07:27:47.001904,105,0x864daf00bff0f1943828b93d535c36f347013e671ac0c51fdc3a4f8c881f4f56,3
2024-01-21 07:28:02.000858,106,0xa7285a5d879bb72b2176860db08e3bff14ee7be3b6b299c097789083b315f78f,3
2024-01-21 07:28:17.002426,107,0xbba5465400751ce21c40751f2d771f1d7770a08542784e9fe851750426bc3644,3
2024-01-21 07:28:32.002902,108,0xed4f35adb757bef403bbd3e1ccbc295d3d00a0a078961b91f9ef7b29681e32ec,3
2024-01-21 07:28:47.002402,109,0xf28be0ec5bc45277858f3c42e8cce008d02db67a35202ced3632f25d1847c304,3
measure_time,block_height,block_hash,block_tx_count
measure_time,block_height,block_hash,block_tx_count
measure_time,block_height,block_hash,block_tx_count
measure_time,block_height,block_hash,block_tx_count
2024-01-21 08:05:12.004819,15,0xf414aac89e7b485cf92ad51421447b2bb3ea63846d417c9309e81a80b0db5992,227
2024-01-21 08:05:57.001263,18,0x3b8d8b224533eb406239f3a0bdf05b44015a1ceebe9eeca5e8f52bc32069b369,227
2024-01-21 08:06:42.004057,21,0x1432c54c7e0c540686c9422e164a92411dff04684e50ab296fa502c92aadb16a,228
2024-01-21 08:07:27.004754,24,0x881d3e491c045c949f108c0b5de0abe54bf8186fb767f206fea6f1f82554013a,229
2024-01-21 08:08:12.004876,27,0x82f6367b8a9b55d86ccdad0c46bfb83d6e6f36f0355be077ef01dbe1f4eb9561,229
2024-01-21 08:08:57.004613,30,0x8306c8d3375c03c3fdd763370e9ffd8321ace14fe12fef412a744ffe98865ce8,230
2024-01-21 08:09:42.005041,33,0x61b4b2791815df6f22d3b79da9d2fb89629ed186a6afc0170e8e85c1ab9a18c8,231
2024-01-21 08:10:27.004566,36,0xddf1bf537c4ba6d887e42a4b571ae59f3fbf837d0c14978b63eedfa4c56bf8ce,231
2024-01-21 08:11:12.004374,39,0xacb187c8d4d8fd539fd7ce5e8013bce1783f47fbcc35f73339394b2a5aece35c,232
2024-01-21 08:11:57.005063,42,0x271f985323f10310e349412aa9b3a55145b1ac8e56012c19634f637126eaa7f3,233
2024-01-21 08:12:42.005173,45,0x743004d0b38940033fcc58b2afafbdbbfde6e418888cd2d082263f00ac0e4400,233
2024-01-21 08:13:27.001437,48,0x59c51085bb80bd232132f575d8e8b02579894a4b6caa6c994d13278d5cca5d28,234
2024-01-21 08:14:12.004738,51,0x922a36f815282ab7d8f3cdff5b5a025d70192df4e2284720a3154ea9f51f10a6,235
2024-01-21 08:14:57.004995,54,0xff02550d3d9dd42d8c71699fdf8a1074237905edf4b5ab12a99343cc0d558ab1,235
2024-01-21 08:15:42.005298,57,0x19323f858dbdd3465639c2a999f7b26197dd0a2b17ebf2596653bbe7e5589f7e,236
2024-01-21 08:16:27.002282,60,0x281d7c60d4be69fb80cd620d99d7976898fcf2702ac05ddf41330fe53abaa4a7,237
2024-01-21 08:17:12.001185,63,0x8fb117f6781b0355a06bc26a06c47d1007b2cd997c18357d9caa4f34b1d5dfe0,237
2024-01-21 08:17:57.004729,66,0xfaf19fde96c391ae0e016d37f0e154a564eee1c74f26a2a63854ce3d73848c1e,238
2024-01-21 08:18:42.005280,69,0xdb046376d39d385c77beeb8f0974826c1731290476f0f2b5b2aa6838d9cbf79d,239
2024-01-21 08:19:27.001789,72,0xc9f7b3f7446331c88a702edc6e69f18b8ebd259e24b35ed4949b3a027708b671,240
2024-01-21 08:20:12.005476,75,0x69ebdbec2a1034ecd72a67ecbf18dbdabef39d5aadc6b2cd47358a86b4cd878a,240
2024-01-21 08:20:57.004442,78,0x89c412b46a37a00b0ea51f9de112f682bae60945ab63f975ce4e20d53511e01d,241
2024-01-21 08:21:42.002528,81,0xa471b9802d70c78977c2caac6c170ed8394246bf5724f9541dc3842ea345ab04,242
2024-01-21 08:22:27.001607,84,0x441901770910f66d926974ef415b6ac8f465d97cce10dcf0311bf8d6501ca7d1,242
2024-01-21 08:23:12.005377,87,0xe0f25118370c3f2821e3867828ad3e31ba87f1d5d5dc955f79652e5b69930b9e,243
2024-01-21 08:23:57.001939,90,0x7765f6a2b44bf4c8dbd436703959ac35f91dab5cda6e6f6279937e9f38cf68f1,244
2024-01-21 08:24:42.004646,93,0x43842642092d9cd5a6c68b2bb3ad33b5f6fb7ed8a3244fd2246a6fd340aa4a01,245
2024-01-21 08:25:27.001817,96,0xca5909a17287395f9317d0a3cb7ee6dbdec29b206effd5e953353c05ee7b72c3,245
2024-01-21 08:26:12.005625,99,0x48b919268ed9a5f6fb5de01d16831d4d5577b9f019b9a1c538ef5572c58c0161,246
2024-01-21 08:26:57.005653,102,0x3698db9f1f2e667f9ccf0c549b8d799c27b3a7277035276935e69d640f6984c1,247
2024-01-21 08:27:42.004804,105,0x4d19264b867519283c12172e2ee3c29a545d4cdc64a962580dab563d15b94c9a,247
2024-01-21 08:28:27.002169,108,0x5bce71bf70900955f9399fc882faac148af96325d24b39ce7c5107c8168728ed,248
2024-01-21 08:29:12.005183,111,0x4db1a0a562414a9bf053988a53cf17c0185807f5bb79fa681c7212a920945131,249
2024-01-21 08:29:57.005210,114,0x1bc858a0b197ac51205123f54cb08cf012133b2a8ac4af2147cf34a4e8a6721b,250
2024-01-21 08:30:42.005875,117,0xaf4f02d74fb1fb0d5e98ad89ed05c67f8c26914600a2006344d0e2e83bb69d9e,250
2024-01-21 08:31:27.005223,120,0x5fa7cf96478dcb65c60c1cb846cfee13fb3b4177c8d5c82b8fcd7e6132e08e3e,251
2024-01-21 08:32:12.004980,123,0x3c9d7b538773d20fe8462fb2fe6c64259e0fb138f77e76d815bb2665087156b5,252
2024-01-21 08:32:57.001099,126,0x06ab471c35920a16ca4eac0642dda912d9934b8469d5c94ea21d4836341c2877,253
measure_time,block_height,block_hash,block_tx_count
2024-01-21 08:38:12.005847,147,0x62fd332feb6acd3d014c40769b191e3d036007b950db84778cfe2378de0c8ae0,258
2024-01-21 08:38:57.004508,150,0x4caefca0a30cd90656daaf811d59969c286897a4ce13f8542be457c764a53b60,259
2024-01-21 08:39:42.005441,153,0xdc6c217649be76bd1391df1a2f2eda34db0c5298ad8f7df67a18069d7b878c4c,259
2024-01-21 08:40:27.005555,156,0x59c5153f3eae422ae155c595cd5b13bb91546545e9f9b19c6268adb294445160,260
2024-01-21 08:41:12.005276,159,0x514edda8c4aab515cc9d2b09bffb40f017ec2373c53dd2302e7668eccf2561dc,261
2024-01-21 08:41:57.003858,162,0xc9d78e11dde87b08dbbf404300d09c3ffdb784989e1602cf9fbac11ec298fd34,262
2024-01-21 08:42:42.005144,165,0xa03022a2e89f31e092da6bb914e084bc524d2ad95cfe9a59c409744e22303994,262
2024-01-21 08:43:27.005228,168,0x1df7b773a7b95be97808e43e9efc34a49e100d12f1ecc5cd837904971de85e2c,263
2024-01-21 08:44:12.005243,171,0xa712a6bfa492747675021a761140e8592a7b495da9163dab02865f6edb540dee,264
2024-01-21 08:44:57.004329,174,0xa06a3819e6648e164a9f3202d9a6f0aa3279be5c1e69710362de0545ad371722,265
2024-01-21 08:45:42.005463,177,0xe5a5cfaf646a19c508708c96bf482e8d72c46204d0b4f6c6fe88338abc7e8ad9,266
2024-01-21 08:46:27.001253,180,0x22ebdbab34a414f9f548fed6a496dff11b95c92a1c3ffdbec4f32f58c19f653d,266
2024-01-21 08:47:12.005177,183,0xdaf70750ac33ec66509087fa539a5a5211042ed287c8ed4b9d0a3875ec2ad83d,267
2024-01-21 08:47:57.005834,186,0x816908f7fb03f01235ce3da90e91acb5901bc715524a2cd3b166e96c58903725,268
measure_time,block_height,block_hash,block_tx_count
measure_time,block_height,block_hash,block_tx_count
measure_time,block_height,block_hash,block_tx_count
2024-01-23 07:34:42.004940,198,0xebd1ee4d2b45bf9868868c7d09918dd2ef3f1e0318517ca847f976752c5e3afe,271
2024-01-23 07:35:27.005158,201,0x7a6e72b9bf9bb7de161488693d7edc98adeae9f02d6ddf37ef5d08f30a41647e,272
2024-01-23 07:36:12.005849,204,0xd2b6a77e5d334460417de5b385dfa14942cd81910b122735ae08e6fdf77695fd,273
2024-01-23 07:36:57.001786,207,0x16d5304ff74c631ef1ea3cb5b9ea676c570c3cd2c20facfc4c64ae2b7b511ef6,273
2024-01-23 07:37:42.001588,210,0x125a4d3e4a5f3cf27a29f543675542a012e66e3995a645c269614690e8d5192b,274
2024-01-23 07:38:27.005255,213,0x90076e81bc366d91b76c88257f6e07404b75361d505a1c938c6ea90b52becbeb,275
2024-01-23 07:39:12.006389,216,0x744934535490991398b5e248216f8bea4c97cc20e73eaab609b95a86a9cc9c00,276
2024-01-23 07:39:57.004883,219,0xbd26380793201f171e7b69debfa865164d8cc68e9eafba8327b893d251af1ed7,277
2024-01-23 07:40:42.005754,222,0x4f03052c72f0da00919cd69878ce09db927d1ffb03fbef71dcbe92d66ee300bd,277
2024-01-23 07:41:27.005976,225,0x1ec46c40f425d74b4c036b74f0c47958bb094cdf79b05a897ca363ecff6a2a29,278
2024-01-23 07:42:12.005534,228,0xa1f81a09d3c6107d7436d49a3afa3ebd9a1bbbaa8796b4b459bb5d0b2ca7c524,279
2024-01-23 07:42:57.001323,231,0xfdc6e4fb70382878b5ab5f7c652d6059c2c1a45835ec64126be29f584c365c49,280
2024-01-23 07:43:42.005875,234,0xe3d1253274cc0411d119ca3d4857eea8d181aae770424bba6397dcf0325a4890,281
2024-01-23 07:44:27.005911,237,0x27530e24d636d7ee251e431d5d773664dcb142423136962b7980c5233d1395c3,282
2024-01-23 07:45:12.001852,240,0xb8083fbac7bba208fd042861d3d561547cd242ece6b50e45d4d465f622bd38c8,282
2024-01-23 07:45:57.006215,243,0x24f6349ee082447b4777fd4d39fda484d1cf0ddb59d30798b422dbca820d0140,283
2024-01-23 07:46:42.006348,246,0x04f1b77b9536449df312fde2ebb8f1b4fd0647f8e285ed8bf5e45acbec1b0520,284
2024-01-23 07:47:27.006217,249,0x38b48759f3e9a132aa832ea7e1051b41821743eff53a07e886bb626afd9c6cce,285
2024-01-23 07:48:12.005919,252,0x5243f5e949cd0aec7d8c26b88e61bfaf02cc4ae5974b22fa17b793db8df8850e,286
2024-01-23 07:48:57.006089,255,0x2c3e8f21a973e859cd91d16b8564879973e8823857908d0b835f3cd2643c2257,287
2024-01-23 07:49:42.005937,258,0xd66d68d9d0faeb2cd663ff57eec275e1b2c06ec4a13bec1ee579825216f187f9,287
2024-01-23 07:50:27.006053,261,0x649c6427b393101e3686df4522b3d1bfa9989614c02531455f64c4abb5674740,288
2024-01-23 07:51:12.004683,264,0xb61cfebf3ec22f103aa0549aea3b0c530a93b727d4a25e38fedf0013c6071a70,289
2024-01-23 07:51:57.005634,267,0x8fb5c884e49397fdf2ca64a1840e2d0301908f6409d0bcc0c8ce654852864b9b,290
2024-01-23 07:52:42.006185,270,0x8c6ab1f1e2f8fa92231a76ea3d473682013926b1c9514a289c89b328296b0f3d,291
2024-01-23 07:53:27.006078,273,0x89f4b31521d5fee8c0f6f8c0abb8da8544ee91f1cf73893484b4fb2561436be2,292
2024-01-23 07:54:12.006271,276,0x001ab0e633c6beb3c35924c250ab2631f24ff571ebff113a7e3278f40d9a8500,292
2024-01-23 07:54:57.006513,279,0x56c86bd424fa3d0edceeb9026ea4e155c32a4ac1a07b3d2b248fbbd4e155686a,293
2024-01-23 07:55:42.002211,282,0xcd2fd4418d4d85bb348b3b70c99864feff13bdf9271e9364d67d825c9f5a6c38,294
2024-01-23 07:56:27.006289,285,0xc3c154c3a6b4dbbb2a223fc76cf556183ea32750d230710e53ba7dd050fdd1d0,295
2024-01-23 07:57:12.006165,288,0xdd42080d9e5cb1166c6b50bc72afadc332911ca34328bfa1223f5313b3a69fbb,296
2024-01-23 07:57:57.005751,291,0x0604c249bada41f43312c0bebd043aaa65f59e56149231b957b1ff04ef430b79,297
2024-01-23 07:58:42.006282,294,0x8a02dcbf14afd7b968811483b2de92ab9477fe2b69f4b915189643200d2f973a,298
2024-01-23 07:59:27.006529,297,0x01d86c6356459d5113c23ebe5a966d384b8c3baf86552460e6fefc1d41945dc0,299
2024-01-23 08:00:12.007055,300,0x1af64a176fe53ba326c6dec585c9a34fbf7595dee9f9667b2bd646c6df1748e0,299
2024-01-23 08:00:57.005746,303,0x5bcd2cf088bda13a7c500f95bb900a055605d53d78039f53557010d45cabef22,300
2024-01-23 08:01:42.006437,306,0xaacc390f4a877644700a204e7ffea0dfbeff8c8a9d5b4581aab5b5f079e0b935,301
2024-01-23 08:02:27.006429,309,0xefca804371ca2190acc350ccb5e9fca1611582128255c8326a27c5b28fdaf86c,302
2024-01-23 08:03:12.004719,312,0xc8e62b5874c5a81b74f95b3a665cc17a86d047e9cc3fa3188db0c3a9d96ee22f,303
2024-01-23 08:03:57.002236,315,0x87770700f3ac2500e31fe51d267c33ff51fd5609b93fd149246b288c9dae0329,304
2024-01-23 08:04:42.006534,318,0x094b659d3d1f9d9fa357cbad176b87d0a8b1090dc5566451e708c334321c4f48,305
2024-01-23 08:05:27.004891,321,0x66d005686d9b30f51d724acc3d2dfd0b2c51cf1c76a58197cab954569ff29ac6,306
2024-01-23 08:06:12.006019,324,0x01268cefa7fe6852ccf8c9c0e6c7a1bd7d301fa6276e11a384e8fb9347ee8e51,307
2024-01-23 08:06:57.005835,327,0xf1930fab7bb3502ae22e47277b7de075cdf9b733a13ffb90a3455ef029871414,307
2024-01-23 08:07:42.006753,330,0x4597b00f0f2a5950ceb0f04f47526b46f36a3b1287302fcd7cacd4a787b5ed29,308
2024-01-23 08:08:27.006315,333,0xad1932f1b2266e83e7ae828fc4d38c2f94c942ae0dbc07a4a64d5898c8a88ffb,309
2024-01-23 08:09:12.006644,336,0xd3e302d3f09b9ab822f2d6a970e60b9b04cd12cd1ab752fb8daed822e7f375bb,310
2024-01-23 08:09:42.006917,338,0x27cdc5be79a0bd703de6f0a62319c14a5e84cf17e17db9ad761217cd974cd3eb,311
2024-01-23 08:09:57.006521,339,0x844adadbaf5b9651cfb07c9ef025482c2bc346382628ef33a34712fc8b619add,311
2024-01-23 08:10:42.005566,342,0xa3f632eef7210328f9c6e2c47845d5bf9aefe4831b89275ef6da8f459a891591,312
2024-01-23 08:11:27.007420,345,0x561122cc3a917bfa2a0aba9224f1c25c855dfe3f84ad776fc1e5557f9e8ffbbd,313
2024-01-23 08:12:12.006095,348,0x2658a7d7ec7d25992477dcd6373babb649a15fb00a357657af8fa51ec5f4b280,314
2024-01-23 08:12:57.005823,351,0xa24c6925ccf7145e91bbb684ae0d5e29374a2039a5407d5b1659275be5887895,315
2024-01-23 08:13:27.009110,353,0x7f19f7eebeaa5b5f7fd3414d5ddc538fc60233b8a38dacf10cfe3aefc2185a37,315
2024-01-23 08:13:42.006634,354,0x8a015d316988afa9db78e64a8759d251ccf54246d9b16c66f18c2021f3ce2239,316
2024-01-23 08:14:27.005884,357,0xf1eb865bdf66c1786053bea0b9e684b52b77e8dc9ddb22fb089c547df0573c59,317
2024-01-23 08:15:12.007337,360,0x5724473e6d2c73e22b0dc79c1c0de69fe43547b41c57ae34ac984c2303897a24,318
2024-01-23 08:15:57.006594,363,0x7b6da92e8daa6d2d1d967f57361a75c4d2387d0fe5e2d84a38f706439388d2a1,318
2024-01-23 08:16:42.006769,366,0xa64e82c6a01158ed9ddd7eef1cac3cff88480aa71e4548fc4071010aaaf32ccd,319
2024-01-23 08:17:27.005965,369,0x83e8f892f18f22c2d8b6559599521150d5979710698efc7655f163e9889b7898,320
2024-01-23 08:18:12.006014,372,0x8ebcade1c1747dea77324e38854bf709a599480e1d0217ea1159f1255955940d,321
2024-01-23 08:18:57.006279,375,0x7c96dbb9f48e353afa647dabeb8f96481a1d9ad69fed2375f77568d5251744f5,322
2024-01-23 08:19:42.007160,378,0xe49185cb7b1b5774227112865027900f1e4056071aeb1caaeaa5a43368390ebf,323
2024-01-23 08:20:27.006123,381,0x3fffa8bcee0a63cb5cb1b5fb1c45453987f7af390544a95268408eedbb74e014,324
2024-01-23 08:21:12.006252,384,0xef38b5b991a23478e63b387062f072c2dd2f396428b069459e22376ef2dc0808,325
2024-01-23 08:21:57.007818,387,0x932e69ca033295195c7dd04386b13159601b4580860fd1dface9ba16bc43d699,326
2024-01-23 08:22:42.007683,390,0x3b56cc7627868bc7263662335c94d167e51dfc2668321e1e683fac3648c5d829,327
2024-01-23 08:23:27.007237,393,0xc7625bd40efc8a973448dafa4ece034acacb51cfc4c8de572fc616f315f573f1,328
2024-01-23 08:24:12.007486,396,0x37ed7f96c4ce8e3bb535ab9c314a72ea0c2b2c2cecc89dedf41a273afeb08b7f,329
2024-01-23 08:24:57.007213,399,0xf4e57fa51e1bd8f50934516762fcda829de9d3caa4f1ccae0febe5a7e269c35b,330
2024-01-23 08:25:42.007929,402,0xa0a969b50bdc5e3775017a566cfb0fd0d0b390913654c519add8ef840b65e6af,331
2024-01-23 08:26:27.006934,405,0x4856a9cc7a45ff34d168faaabe122fe3af50d0656628b4a2ffc49f8a9cd1a208,332
2024-01-23 08:27:12.006353,408,0xe36b27ed6fcedc22eff9971a391829dc0241541bdac91e5a1e95be451951c1b2,333
2024-01-23 08:27:57.007479,411,0xf362409904d06137b9652ec741912075b52cb75c5136007209c35576367135e0,334
2024-01-23 08:28:42.007082,414,0x2d63d5c84a120532ddc20b404f8f69f3fccab45cb792d1ed335e0ace9c4baedc,335
2024-01-23 08:29:27.008018,417,0x78c5a6d793d557e639aaa02e7fbd1bf307970731bb882987f3d3cec6d4516133,336
2024-01-23 08:30:12.001934,420,0xef3c8f5827228392da715893d5f288470a2a7893be7f58000316862ee4e384bc,337
2024-01-23 08:30:57.002112,423,0x21f4b1db64c81e55b7c647fd8e63ca306e4c1a6d559435f4a1e1cf2454767c02,338
2024-01-23 08:31:42.006528,426,0x81a1c5e33cfa77c4b0841505bd9b3b97da3a073d1faa6978bc427cc4dad89af8,339
2024-01-23 08:32:27.002112,429,0xba520ad0ad0c86b74bace930256b804c317202b9e0a387b0f54f5987902d1c90,340
measure_time,block_height,block_hash,block_tx_count
2024-01-23 08:32:57.884495,431,0x525cdbcda51a4cb3f4828e6045213a61eecfdcc4e206ce7afb80714dd1969a21,340
2024-01-23 08:33:27.972187,433,0x0f120ed87084c5c1fc9521e0819e369ff1fa68d3796d5cf1afcf5148252bf278,341
2024-01-23 08:33:57.008472,435,0xc2c215fe77bbeeacfb40b37ef453eec1b487d9754a298730e3efa8e4c9e804ca,342
2024-01-23 08:34:27.936390,437,0xddc913b51e4adccb84535b24139e324cecb17984bd1982af080b21faf4bf3e0b,342
2024-01-23 08:34:57.621860,439,0x6bf463e3f2b8e5a4e284e33046b46a13489e16de452256042cdd0fd3de801db5,343
2024-01-23 08:35:27.006453,441,0xda4952b73d8af60484f90c43d9cc47a6d0e3a9bf66e649f918670c0f753a5ed9,344
2024-01-23 08:36:12.006971,444,0xd07fe87ffce2e21bcde93eec8a04d7b6520a444be4893ce925bd66037c7633d5,345
2024-01-23 08:36:57.002319,447,0xbe8c26c141ddb9a9f93c6da34fffe0de7f3ec06824dd12a8b1887d2ac4b73aef,346
2024-01-23 08:37:42.007701,450,0x4eb4fd254ed77e8ecc61d2e14fddb9b9f0606f62406d60ab00cd05c0759ae2e2,347
2024-01-23 08:38:27.001810,453,0xd7d656419ac27cbb4cecc17816edcc7eb7e0d60347d0a8969c88bba08c38be3c,348
2024-01-23 08:39:12.006929,456,0x5683030023449c096dd17d6cdf92cc4d2affcb3845a8dbdba2226a21d0291e45,349
2024-01-23 08:39:57.007450,459,0xc32c274c241540f3144971b912bafaaca836aa4d8ee39678f520d8149dd4b510,350
2024-01-23 08:40:42.006549,462,0x2a36e5ea3453e276bd81300eccb618d2d43227deb38906fc4c722660c089df42,351
2024-01-23 08:41:27.007060,465,0x77e8a1517cec8ec780002eb7994fbb287d9dc313e8413aac382edaab6b3ea7c3,352
2024-01-23 08:42:12.007803,468,0x915988a74ae61ed3d89cdcab1e9e75210fc92e029382eb4766188a85676a1800,353
2024-01-23 08:42:57.007275,471,0xdb00f8940c71c916895299f843bddcdd98290bb43be9d32e89813eabc03e1aea,354
2024-01-23 08:43:27.020763,473,0x9e7f89815c4ccd08869e226badf8eadef1101a26b613ca7abc0c514b7dabb943,355
2024-01-23 08:43:42.006475,474,0xbac4b66532c7e1a6fdf3d19d9a71da99a2513fcf0c2482f8a1ddf3445bb68c8d,355
2024-01-23 08:44:27.006646,477,0x145aacefb8293059a0493c5a8444ba97ab6085f43c342b7d8468a6985a8f18b7,356
2024-01-23 08:45:12.002319,480,0xa2c9f17724dc5fe453b53d4a2f5c902d9db8bd6e4a46001d2f68e05d41785109,357
2024-01-23 08:45:57.002144,483,0x49145859929bfbbb4e80c692c1037db983a8f19ec7b3a88e8039ede0345db7c2,358
2024-01-23 08:46:42.007808,486,0x1a7fa6032abfa9a06c53d37f537aa245f4cdf46708d650dca8e43ccea4c85879,359
2024-01-23 08:47:27.006508,489,0xb105a1a4a3418d9a27d063d76ec91f9aac19226f9b801f049cd7ad1f93e2a062,360
2024-01-23 08:48:12.007267,492,0xd7ca6a9ec46f90260455c935cef4b4f0488d18c357967528465c8990913c789b,361
2024-01-23 08:48:57.006448,495,0xf8760495846abae470ac79148d8dbd7955c48277d5a8d83c0d9fce0a657f2604,362
2024-01-23 08:49:42.006808,498,0x1f22c8181bfde42cd20f22fd78180a7040c44e68ae46b07f16b6a513d0e588cf,363
2024-01-23 08:50:27.005928,501,0xe8f81544dbe44894cd532b1e24842841f1c0dd2d9a8d19c2ec63ffa8ce02599d,364
2024-01-23 08:51:12.002195,504,0xd678f883598a0e6ec30a61e4884cb8942c84a40a0148b99eb392afe408b8369e,365
2024-01-23 08:51:57.008317,507,0x4a76078da0434b68a6ac1ae44470e9f5d344b9569338d24a6c38c27a6dc9b0d8,367
2024-01-23 08:52:42.007445,510,0xabe88cf665d5a841dc88d56b0f6e20fc03b8b29aca6119fd19c400b4bc55615e,368
2024-01-23 08:53:27.006257,513,0x3d08d8e6680fc2b6ea9c8dd8cc32206d344c7b259d8853e06c17e83e8a6ef6f1,369
2024-01-23 08:54:12.007141,516,0xd5462a39b490bdc7ee0802d7402a95d02b40d0abf3f5b0abc2409a3e0d553a2c,370
2024-01-23 08:54:57.007388,519,0x2118925c55f6d0185a12f4ec06a102fe7a16dfbc8bb9462dd529ad3ef1073f2b,371
2024-01-23 08:55:42.006619,522,0xbb912fceedff0b419e7bea6bd624a5176f7c33e62bf7ee55e7f37660e9993ab5,372
2024-01-23 08:56:27.008103,525,0x5f68fbfc711785a6e4dadca1ea2a0019d5c214da0d915c2ab9d4c47de5cc0d82,373
2024-01-23 08:57:12.002421,528,0x0234b36ea9c4c723b3f191b9d50192efc40386825ed56a10a5477006a317884f,374
2024-01-23 08:57:57.006926,531,0x5dcf0d37182c41bc5b3518025b77d3c179f8d3fb8f186a28869399c7eda80cac,375
2024-01-23 08:58:42.002604,534,0xb30e4459d1548b9a25f43dc242f0e8337f6868550bb43553bba5571b8238338c,376
2024-01-23 08:59:27.001919,537,0xc6a4106155610ae3a5f1da21e45fdd07d4c52d0f556d7855f1d56a0a4843839d,377
2024-01-23 09:00:12.002503,540,0x82cee4693224567ea934d4dff95e5cf4998674e1ef272494cd2c852a74bc130a,379
2024-01-23 09:00:57.007382,543,0x6728e878912332d619965aa6db9059ad407737301e3e0a99a1a315af71d406e8,380
2024-01-23 09:01:42.007650,546,0x6c313ac42be42048499431fd9115482318ca5d2611c7b5820c6f51c86b953c63,381
2024-01-23 09:02:27.002023,549,0x24ca82d73a0b6ea88b798c89e4b881a88eb2a00a2fee8dae6acc1bbf5e98b452,382
2024-01-23 09:03:12.008118,552,0xf70895ecabb4c7ba52f7b2bf34d16e4a5fb19e311033440d81c46be341d09169,383
2024-01-23 09:03:57.007657,555,0x4cad64a522148da70bbb698bd9499adfae50a3f9c45d19e0538b9bda2b582a7d,384
2024-01-23 09:04:42.006478,558,0xbb31f5a661fa0f1ae8b2ac159b04426fb0a7c7251e534836a078286bd28dd317,385
2024-01-23 09:05:27.001985,561,0x38b86a4dbed514aa37ac0a03870a5b55e691bbad8ff3a69fe1b52a3276afdea4,386
2024-01-23 09:06:12.008471,564,0xa39bbd514857f325232afb656065869c57f882ad320a80e897a5966d7ddf9ab4,388
2024-01-23 09:06:57.007946,567,0x3b24c1bb0ef342338a82850ba491e8352ea28a93fb3ca282778c0abbe811d08d,389
2024-01-23 09:07:42.008314,570,0x59c03fa42eec38363c31a4cadbafd23ded59369d9b6836c892297612aa4ba3f0,390
2024-01-23 09:08:27.003080,573,0x9d6486a80ead437e30a029b9d1d27f000d052fa33f1b244af44e8b88b4e70801,391
2024-01-23 09:09:12.002082,576,0xf59840c476a0c32fc75b3064417f009f2c4fd1c81a14798e7d284b6e546be7d7,392
2024-01-23 09:09:57.004809,579,0x6b4e8899845766caffc775e4707dee0ca2693001a5f15c218b7f67c89c855c53,393
2024-01-23 09:10:42.002257,582,0x378bcc7afefdcad9deae9e44bfe39b7add403c58c9b938fa19c9389f59fbcd1f,394
2024-01-23 09:11:27.008403,585,0xdd570357d5db99f26be6562cd3156083d87ab6473f5a8135d11ba19e8f1f2524,396
2024-01-23 09:12:12.002551,588,0x73f276efa27dcc27570b2b16235c843a5ecd095b16da334a7d919c89a334940e,397
2024-01-23 09:12:57.006924,591,0x42585094cdabd8e586fbd61c24153343c1e39dc3474763b466677b04dc670b95,398
2024-01-23 09:13:42.007948,594,0xdfd1ac7e2aaeb51befe46bfe7141cf84b7f45ff0eee7f1731d58cc529a3f1a2a,399
2024-01-23 09:14:27.006227,597,0x6904f1a7929895c7bd99d855d6ab2e4bbc37ebd7993c8eff23da1c2ecc994877,400
2024-01-23 09:15:12.008683,600,0x0ddc72531520a56b26e76f28566e4f7a219b623f7e93b782cdd570e6da43b96c,401
2024-01-23 09:15:57.002114,603,0xe268178c9323f12d87366fd37c4bf5e2545f462ea842fa85dca3b471f5085628,403
2024-01-23 09:16:42.009280,606,0x338b86aba4be7aa3a48a17e521fcd99e4e8252d30852308eafde55dbeb7e5f1b,404
2024-01-23 09:17:27.009840,609,0x307619e7f8b8046cae3dbe196db3a2f31afa60978982cebe161957b4b4043db5,405
2024-01-23 09:18:12.006608,612,0x1ba66f3ad5da0ba665922b415c642d9f26c4d1aee9ae2d918086476258d8c538,406
2024-01-23 09:18:57.007267,615,0x159f4c67a2659f3f21a7135a7a3dd030fad7d177eb4ed15c4d9f48905c994650,407
2024-01-23 09:19:42.004062,618,0x10cc237ddc0b18a2073471a49fc5ab89bfa8446fe2c0dc5c45b13cd4cd000ea4,409
2024-01-23 09:20:27.008907,621,0x2731e6ff2ee2c57e4400420d8d79b872b3ba5fd74f1b964e2758e16e6ff1912b,410
2024-01-23 09:21:12.009102,624,0xf6c9005001485dd0314dabe93d146b66b3bc3e379bd6441bcbfa3d82a5a7b5c6,411
2024-01-23 09:21:57.008398,627,0xbad6f31d53254e80a2c61dc72eda1e56b8271754b9b43f8bf9f1106d3ae4cdf4,412
2024-01-23 09:22:42.002600,630,0x4c2753bec27648dcdb311475edeb421b18c771f4b286c945a5e9c082eb482c89,413
2024-01-23 09:23:27.006838,633,0xb2f3ff685dcf7e6eb8c002287367665b1fb113522083b1967d2e7e5a14752b92,415
2024-01-23 09:24:12.002521,636,0x6977052df97e372cb5edf7b1b43abf890264af80eeb175ced3936b9583e3dd06,416
2024-01-23 09:24:57.007109,639,0x2f46815c98c38068333dbf4589c249f0139e1cc8483aba29e5df1c1fc9a92595,417
2024-01-23 09:25:42.002479,642,0x6aa8261b902c4a5f247604bd0458e33132adf524937c9b1b4f40a1d9484c1504,418
2024-01-23 09:26:27.002211,645,0x03fc9a6d4414669e64378605b7c8b201757784a877d36bb8fe45c25924839e36,419
2024-01-23 09:27:12.002284,648,0x56eb6161eabe3ac71a139b3d39fae200bc45454d0ccbce8092c14b2a1777caa9,421
2024-01-23 09:27:57.006999,651,0xe6d06da3f1bdc8f62b703d2e7d01d7e7fc6190877f64e9a8a5a95a6749ffa3bb,422
2024-01-23 09:28:42.006625,654,0x8c4eb04a1dea5d30657cfadd5edd5a185eb29ac8faa69c157f637d4b9a4ddf39,423
2024-01-23 09:29:27.007452,657,0xcae5234569947a62c78e3a4bf1c4bbbf5140be1938954f25c887b240095f0b68,424
2024-01-23 09:30:12.003008,660,0xd7cdf1146b8d98d33cca3f0b7f3216047e8d4df7a5f9a4684ece0e541eee66a4,426
2024-01-23 09:30:57.006556,663,0xe76fb269987f482ac88e2fee1b5ca52d8dfe6df5371a4c638f6408ca82f92aa6,427
measure_time,block_height,block_hash,block_tx_count
measure_time,block_height,block_hash,block_tx_count
measure_time,block_height,block_hash,block_tx_count
