measure_time,block_hash,read_duration,
measure_time,block_hash,read_duration,
measure_time,block_hash,read_duration,
measure_time,block_hash,read_duration,
measure_time,block_hash,read_duration,
measure_time,block_hash,read_duration,
2024-01-21 07:06:47.002767,0xa8258bd93c8f788820c6d2eb4c7ee5315fb1dd15b81a388d5895af16962259d7,42.619µs
2024-01-21 07:07:02.002286,0x7853b5ce4622888c47e62b61eb9ea981c000a257df6f391259f569727d2fa7f8,40.101µs
2024-01-21 07:07:17.002604,0x51835e2acb3d40802361e1f9547ea314ebae47d90d01655e57c7946257bdd77b,48.858µs
2024-01-21 07:07:32.002531,0x99cf74f55fa7376236780d89e2950444db97232ff83cf893c084b57283e48e97,46.327µs
2024-01-21 07:07:47.002862,0x4f3337de59fcf751b09e7252107b1840775c0fec7cf76baa4aa457c479413cc3,39.63µs
2024-01-21 07:08:02.000821,0xff08ba249ad0f1f9a594ef002a5a63d5b4c1eabbb948ef12780aa73b1f6ced82,7.931µs
2024-01-21 07:08:17.002237,0xa0d0b96a841a9400c2ee6eeb1c3e9d7d2a397b4a95ab1cdd34ce0392b0f4417b,76.071µs
2024-01-21 07:08:32.002739,0x9124c2d358668f5cc09598cd9ca132b1c2dca1166b7b6e46cd022e2eb1a9b887,88.888µs
2024-01-21 07:08:47.002853,0x76d1768e4f14ced4d92eda03f94997a58abf2570e8ee0e6f7ed692b023f63f30,121.13µs
2024-01-21 07:09:02.001131,0x6960905a5c368cf4f264d3a7eaf0972a4488602a6b8322fbf9e95fd54d90827f,25.923µs
2024-01-21 07:09:17.001938,0x3d218425aebfd744db05f17bf4cff968f6dce2cdd7b279bf78b93526a3496fc7,81.959µs
2024-01-21 07:09:32.002334,0xe11948e242b3d62e99fdb2b59c1296401445e88492454f0a5534575fdb8345db,89.708µs
2024-01-21 07:09:47.003316,0xf76e9d202a03d24882d83f8dd85242b740a066f534667912329f81efbc73a3ee,103.126µs
2024-01-21 07:10:02.000760,0x27c1ffb8efca41ab9a66620e52aab0a67126443098bbbf5dffd1b3b96c238f4c,18.368µs
2024-01-21 07:10:17.001857,0xe1d850c07441b68394c302452f063f6cfae7a6fad7d7e233a9ad346b94a79573,15.478µs
2024-01-21 07:10:32.002796,0x6a67773b485723bea5c53fe1c74835e7ad9692cb2fe772b815550cbd5d6a4ce3,104.339µs
2024-01-21 07:10:47.002168,0xe84cbf3998fde28fedc1e1f395a25cffb098262fc54bfe688dceb940ec992727,90.321µs
2024-01-21 07:11:02.001271,0x12a8cd683a39b3c3edb96e238e82ea6be82adc2f91e2ba837d53d0a7740c70ad,15.194µs
2024-01-21 07:11:17.001331,0x88910e4910201fe12fcc5a7af90b03279bfa27e698a4640d13e257910a7da202,29.675µs
2024-01-21 07:11:32.003171,0x2331813f3fc06ab4992730931693fd5ca7942de27a9406765537c52fd2c8abf6,92.096µs
2024-01-21 07:11:47.002672,0x862cd8e45726e1b6bcdf55354e4c8e5470c076f8aa7995d76d197052cf05736b,85.563µs
2024-01-21 07:12:02.001904,0x3f2ab7f77b7c80024f0b87d3541fe4e648613ababfa526142b20c5769facaef6,15.416µs
2024-01-21 07:12:17.002799,0x5ca2400ab7606cdfb4a40c196cc3e1ddc46b258423dc95956d5812ffa9f177b4,96.56µs
2024-01-21 07:12:32.002297,0xf4b1c02d156a66d667cf71cc0cbfbd1dd462b56b3f11fd97df221ea6d8455201,88.048µs
2024-01-21 07:12:47.002430,0x0ee2abc63302fe0ab01a3f3d81d6fdf4546ecd84596ee6741fd9493a32bda09d,97.121µs
2024-01-21 07:13:02.002461,0xecca5932f1e997d45d1f2edc8563ed62deee5e775d99c29aae02940606614e1a,88.311µs
2024-01-21 07:13:17.002620,0x085154988f72a55f9c5a90a258b054672d1d893fcd3726ae80dad9e084d03269,101.836µs
2024-01-21 07:13:32.002932,0x431a1643addcd1d17de8d3c1dafc659807df6a59e044fb4c2a8c3330cc83c8a6,91.414µs
2024-01-21 07:13:47.002268,0xf4441f030986606fbb7ac127ae4b93016da07cae1ece2a4320a262218cf0ceb4,93.202µs
2024-01-21 07:14:02.001146,0x268465f5781472be4e9c7ddef0b94fc97aaa5373becc0d20dd35f17ce5157689,15.541µs
2024-01-21 07:14:17.002875,0x458abd11cd796a51fae8af359bc8ae8c4bc4240870ce738b2ee836c4d58fa774,84.716µs
2024-01-21 07:14:32.002169,0xc91fca461a28a6114947601868878510b4760d9570416dd8c951581870a664bc,87.296µs
2024-01-21 07:14:47.001285,0x7e3e4aeb5411c5139b23c09a8840898bcdda70bd09d0d9f0e632682071ae5c3f,16.979µs
2024-01-21 07:15:02.002856,0x1ec12de980c631b33f0451e16474675abf6be83277d5c82e4538528b9c9af38a,87.564µs
2024-01-21 07:15:17.001604,0x40c62cff90ea2751b44f9f21d4ab3cf1f0731b2696877c4381cc72457d62f7b8,18.273µs
2024-01-21 07:15:32.001878,0x39c22760dd45da4ce182747e338a3595d76e1c4914a11845aaa49f661eb98065,103.139µs
2024-01-21 07:15:47.003410,0x57166a9d6e73a7c10ad80e898fbbfeb161afbf72994a367ea5e191a5b2d9697c,94.501µs
2024-01-21 07:16:02.001967,0xbeda592aff37c1e780941a40a2a1fad331d0a1999d2f4bb5ba60b15855a00c41,37.724µs
2024-01-21 07:16:17.002556,0x838cd6e7a9bcf56b5bca5aeafc879c87dfd5cf261a83fd78122752dda3367dde,104.743µs
2024-01-21 07:16:32.002901,0xe98c7e435d12eb1b40ae87d8254f7d41a6b900e51905345124ec2b9e7c4b6ed6,89.612µs
2024-01-21 07:16:47.002613,0xd291232d3b3e22db1129313d358a00d8693149b1538800b479fdeaddf228b932,89.01µs
2024-01-21 07:17:02.001784,0xff028e82a5bcaa43d274dd291a3c18832461c355955254e2134ad372ff748814,27.828µs
2024-01-21 07:17:17.003416,0x334cd548802e896f356067c2575d15638fcd78e6eb5b54878d3d4dce2e56bbee,95.314µs
2024-01-21 07:17:32.002186,0xaf73cfbc218bbb00cbb217f7340c83930f77229be63b44f1b78662304191197e,107.442µs
2024-01-21 07:17:47.002982,0xe456763f31f1f4c74023df70c7796b0fc2d91a3202cc89824515386e11045634,92.387µs
2024-01-21 07:18:02.003213,0xc3820aae3298aa09444cb6cbc63b666d121ac56136495f6a257944128af7893f,121.484µs
2024-01-21 07:18:17.002566,0xeeeb42723fdd13cecc71352e849ad904474bd57be62b258cfc7e57cd197d81a0,103.228µs
2024-01-21 07:18:32.002613,0x7b1671f7133c5ab2d4d15f8f666c9e913eb9d20109c4fddbf3091105ed51ae3c,108.808µs
2024-01-21 07:18:47.002649,0xf63ecbeaf658982ed9dd2f4a4e89f46622f1cf29f6383615174a286c9e5009da,107.165µs
2024-01-21 07:19:02.001422,0x53d547721989d8e2fdfed7218ad08c6537f1e75d6e94c4859957f9d2579a14b9,16.943µs
2024-01-21 07:19:17.003229,0x970dc23f9cb4ddf1c33d52c9c9b75e66452021d3e8c4c27c42df87ca23494699,89.476µs
2024-01-21 07:19:32.000697,0xa10b83762cf8844838f99490c86ba10d044558f82e7a69b6e05e99dbef7aad82,16.544µs
2024-01-21 07:19:47.002600,0x03b07e0a045d004938072131479e701526eb472a694a4f74c1ea6c98bece612b,104.305µs
2024-01-21 07:20:02.002561,0xb72a3a87b0a156d49c1cf3039e507b344f2653d1e53257f86faf9039708de9c5,94.74µs
2024-01-21 07:20:17.002680,0xdb90d81803d4f36cc18b434cbde89648e312cfa7b79dcd8d112404f466e6e1b7,91.672µs
2024-01-21 07:20:32.003064,0x3641f28d26126b2300bfd74895c56d40a46579c36d1e50e584abc66f47929f02,90.108µs
2024-01-21 07:20:47.002623,0x3551366c354c65905cd7f80d8e24c71bd2b95ef542e89a161248d44af11bab28,105.801µs
2024-01-21 07:21:02.002554,0x8aae07231dcf3eacd3645c8a67fbbb2908dfffcf1e1e7b0254d44181a2ab31e4,91.228µs
2024-01-21 07:21:17.002603,0x3a94d8ff59c8c13cc906b2f4da27665f1d767584c3fa3b068bacdc6ec1e395e0,85.508µs
2024-01-21 07:21:32.002636,0x5500304d5845eac1261bbd586ecada597b908e1e2ca3aea23692d9725b350c19,92.724µs
2024-01-21 07:21:47.003252,0x5d51f0a5070fc87ff4f4b4f566fddab2947392dd93f1f32b5cb8382c9b63cc84,92.324µs
2024-01-21 07:22:02.001666,0xa26d390dcc00e6d8b7df0bc48a69f09b12205cd937ae78692d5d3c9ac4a2599a,15.317µs
2024-01-21 07:22:17.002722,0x6a58ac40b9fdff7edd1aebff0ca4c5a91f0c575e496346ccedb14c42f4823f88,86.007µs
2024-01-21 07:22:32.002456,0xd3cab5254f8e192395a2508d02d44ce581d9ca77dedb064632248f27624f699f,113.152µs
2024-01-21 07:22:47.002450,0x6e85734e0071e69d5a4ad3d97d5cc097333a154220c19c306332e7919d4dd8f0,97.008µs
2024-01-21 07:23:02.002534,0x6cc12047c65c3509df24d0619fdfd1eac298aaf2fcd0382d508c031a78b87d51,87.658µs
2024-01-21 07:23:17.001036,0x67eaf65315c48d5b7225622245e3b32ab25c621ec4d81d1943e46e632a7ce26e,16.087µs
2024-01-21 07:23:32.003465,0x0c0121f6e9256b1f026799386e42ae96ab76ab7dc17fcfcbe7c915b39c91c08f,93.205µs
2024-01-21 07:23:47.003298,0xf727a3be031a491d66612d694d73ceb5a2e9291472e9022bd5bfe3c426d08253,111.873µs
2024-01-21 07:24:02.001310,0x745b5d87cc1a4a5b2c6ef18938e84432aa1159875ad57ed5a7b79addd1aecb74,22.551µs
2024-01-21 07:24:17.003394,0xc4b1997446612748ad7e40d9fd9722b434519fc6118fe311ecb48f624b62fd13,101.06µs
2024-01-21 07:24:32.003046,0x04e334d47f50a635de680480ee05f82c6212ce16b3aeec216a0fde8f50c62548,87.643µs
2024-01-21 07:24:47.003381,0x6460cd45dbe14f9396f6e65822ac144d1a184f580041434969b8cd37b72efec9,113.111µs
2024-01-21 07:25:02.001827,0x994e6bb1e6523ef409514d81da56c9d71fb59dccc88d1ce9062c32ff5c44f89b,45.65µs
2024-01-21 07:25:17.002989,0x5d89991fb9611dd07bf8cfbd8678b34344f94480b07e40b6afc7f23e6c769488,95.547µs
2024-01-21 07:25:32.002696,0x8af7feb9f8783f8e3bc6a684f60c0a576d3ef67f32ae94b02945d9bd1473b519,114.394µs
2024-01-21 07:25:47.002637,0xc7a5b3d8d5f862f77db06660c6c685497105afbab1226848fe747f70e0deddba,106.926µs
2024-01-21 07:26:02.001474,0x91f0d002b5670f6543f1e25e60917d24666178aaedad518745e93dddddafde3b,19.437µs
2024-01-21 07:26:17.002473,0x02b1ac19de590a86c0ded243c45fa6a6f23699f3a4eb06b99b3dbc577a388a17,106.119µs
2024-01-21 07:26:32.002922,0x9ab32fb9813796529322c3e2d77d99207b20b021fac4dfa5cf03a0ec3d44491d,111.091µs
2024-01-21 07:26:47.003140,0x3f7189df8cc908b62a3d21171f86ebef9e37dde42100331026620255f713a7e5,95.037µs
2024-01-21 07:27:02.003152,0xc541579892231dc86aaf0d214f77c74e575faedc9e7001f1a49718f33a9c61ca,99.241µs
2024-01-21 07:27:17.002663,0x8aebb57d07f83fdb8ede54fe3cb48d17e529cad3a7cdf2d676177ab0c2cd5144,102.851µs
2024-01-21 07:27:32.003119,0x769479688164ca7981da66e8454bfb21cae8138e3e28378fe8fac41273c991e5,98.668µs
2024-01-21 07:27:47.002446,0x864daf00bff0f1943828b93d535c36f347013e671ac0c51fdc3a4f8c881f4f56,91.687µs
2024-01-21 07:28:02.000915,0xa7285a5d879bb72b2176860db08e3bff14ee7be3b6b299c097789083b315f78f,20.293µs
2024-01-21 07:28:17.003100,0xbba5465400751ce21c40751f2d771f1d7770a08542784e9fe851750426bc3644,91.751µs
2024-01-21 07:28:32.003231,0xed4f35adb757bef403bbd3e1ccbc295d3d00a0a078961b91f9ef7b29681e32ec,120.093µs
2024-01-21 07:28:47.002828,0xf28be0ec5bc45277858f3c42e8cce008d02db67a35202ced3632f25d1847c304,102.506µs
measure_time,block_hash,read_duration,
measure_time,block_hash,read_duration,
measure_time,block_hash,read_duration,
measure_time,block_hash,read_duration,
2024-01-21 08:04:42.023244,0x950e6cbdf482b2de90bfd2e24f5cb7e64a00544dd94e06fe88ac5b7586aca099,465.942µs
2024-01-21 08:04:57.018590,0x2d4badb6dbf9e7cd8faab0a42ae19733425304134957bf5fd1a667be6650609a,767.064µs
2024-01-21 08:05:12.006531,0xf414aac89e7b485cf92ad51421447b2bb3ea63846d417c9309e81a80b0db5992,1.169691ms
2024-01-21 08:05:27.016157,0xbb1ecda2e7e6f340987e03fb7deabb7ed6a0d1facf9b4da5fafdc7158c26b7b2,445.886µs
2024-01-21 08:05:42.015879,0x21d74e2a2a5d81b83ddb20376bbc394dfad68333bed5ea7fc61fdd1d54806b02,484.798µs
2024-01-21 08:05:57.001923,0x3b8d8b224533eb406239f3a0bdf05b44015a1ceebe9eeca5e8f52bc32069b369,575.257µs
2024-01-21 08:06:12.017480,0xa60ae73221d6990db1d5f4391ab9416241458dafbf52534cb0a4bf05b8d490c8,476.465µs
2024-01-21 08:06:27.038337,0x2b3c516d8ad0753866a33a6fff501c8c1bc5fb5051fe552f886200ffd7d68c5c,986.088µs
2024-01-21 08:06:27.038438,0x2b3c516d8ad0753866a33a6fff501c8c1bc5fb5051fe552f886200ffd7d68c5c,1.012008ms
2024-01-21 08:06:42.007839,0x1432c54c7e0c540686c9422e164a92411dff04684e50ab296fa502c92aadb16a,3.117847ms
2024-01-21 08:06:57.035973,0x9bcb5757e936a41d60d5db45d85a114a3a51b100ee00b422492938df2351d932,783.382µs
2024-01-21 08:07:12.050295,0x75d76bef5f3d604b3f91d3c47700a0dd8340415020e472d6b629469ddd470690,766.013µs
2024-01-21 08:07:27.008639,0x881d3e491c045c949f108c0b5de0abe54bf8186fb767f206fea6f1f82554013a,3.235006ms
2024-01-21 08:07:42.034564,0x9272dc9932842dc5c59d873769ea3bab646ccb29d5a9de62ce38cad310372023,1.053395ms
2024-01-21 08:07:57.004613,0xb8ac1b24b07c774b63e5cfda36c6f16684f5cc16b0814a0c01f72ec9e2938653,41.892µs
2024-01-21 08:08:12.008586,0x82f6367b8a9b55d86ccdad0c46bfb83d6e6f36f0355be077ef01dbe1f4eb9561,3.032796ms
2024-01-21 08:08:27.005183,0x2f9f40a3b5b283e9d3c5d52711c9f2cad4dfabeeceeac62973ee98d693155a28,45.809µs
2024-01-21 08:08:42.004751,0xf4a02b5855ba9a329871d3f8b24dd1ff42b5c80a13c1274dd68fd3f923201c72,42.285µs
2024-01-21 08:08:57.008388,0x8306c8d3375c03c3fdd763370e9ffd8321ace14fe12fef412a744ffe98865ce8,3.342257ms
2024-01-21 08:09:12.003674,0xaaafbff16c4e6240e8692b0380ba7af2e090d3242c348a609f68c9f2e9671a44,58.837µs
2024-01-21 08:09:27.004089,0xc014363cffed7cbcf3efa02c26f70d759c83d76e712ffdfcb56737723d869f10,53.135µs
2024-01-21 08:09:42.008765,0x61b4b2791815df6f22d3b79da9d2fb89629ed186a6afc0170e8e85c1ab9a18c8,3.028169ms
2024-01-21 08:09:42.009063,0x61b4b2791815df6f22d3b79da9d2fb89629ed186a6afc0170e8e85c1ab9a18c8,2.908697ms
2024-01-21 08:09:57.004879,0x50f490165ca0822ae16daac3432884cedb4beba6b9c49e6d659b2c55cb99167b,51.792µs
2024-01-21 08:10:12.004947,0xae838dadade80d4228590575aecb6435161bbdd3af95f3a0a928b1ba38ee3a62,59.643µs
2024-01-21 08:10:27.007765,0xddf1bf537c4ba6d887e42a4b571ae59f3fbf837d0c14978b63eedfa4c56bf8ce,2.613435ms
2024-01-21 08:10:27.008829,0xddf1bf537c4ba6d887e42a4b571ae59f3fbf837d0c14978b63eedfa4c56bf8ce,3.351769ms
2024-01-21 08:10:42.004584,0xc78a9ef9475293916cda06f4181a4adc1832a950d27a36e4d91225db9495a8a7,48.316µs
2024-01-21 08:10:57.004454,0xd13e0f3903bcd76f9eb90990c53bdb6df1587bb24635b897f3c03acdf1819c4c,41.683µs
2024-01-21 08:11:12.008523,0xacb187c8d4d8fd539fd7ce5e8013bce1783f47fbcc35f73339394b2a5aece35c,3.411655ms
2024-01-21 08:11:27.004233,0xf939bf35db1198c87a8ff315d597d8af47d1167d3eb10714e341f20b5722cc15,41.628µs
2024-01-21 08:11:42.003973,0x6ff7126656888c6a59a70ff30d4c9a84273025d62ca2161f4a4b96894ce430f5,68.357µs
2024-01-21 08:11:57.009159,0x271f985323f10310e349412aa9b3a55145b1ac8e56012c19634f637126eaa7f3,3.490131ms
2024-01-21 08:12:12.004606,0x588030931827bb417a036e594903eb901180033ee18e6b651f8b721be6c5483b,45.969µs
2024-01-21 08:12:27.002024,0x7916d5e201f54837f9f9489dc665764dc35ca2d1b549c79be057b50315a12aa6,7.733µs
2024-01-21 08:12:42.009500,0x743004d0b38940033fcc58b2afafbdbbfde6e418888cd2d082263f00ac0e4400,3.029093ms
2024-01-21 08:12:42.010251,0x743004d0b38940033fcc58b2afafbdbbfde6e418888cd2d082263f00ac0e4400,2.689072ms
2024-01-21 08:12:57.004751,0xe2f8beddd2307633b2b6b5d2e8abd3e7710377ff6bc86efbb0b58eb3259541a1,51.125µs
2024-01-21 08:13:12.004093,0x8272e2a7f97bcec094c04405959faf122a3924980e85b97b9539589927b04fa5,69.441µs
2024-01-21 08:13:27.002082,0x59c51085bb80bd232132f575d8e8b02579894a4b6caa6c994d13278d5cca5d28,513.114µs
2024-01-21 08:13:42.004010,0xfaf7998f61b75ca7c351757079ffcb5ab92ab90740ecc2d3248a5d60224310af,44.522µs
2024-01-21 08:13:57.004842,0x7459d7cce34f225b1ce306fda08157165fa7cc5eb3870e67bf2053f1d0b2a7b8,43.548µs
2024-01-21 08:14:12.007822,0x922a36f815282ab7d8f3cdff5b5a025d70192df4e2284720a3154ea9f51f10a6,3.289842ms
2024-01-21 08:14:12.008722,0x922a36f815282ab7d8f3cdff5b5a025d70192df4e2284720a3154ea9f51f10a6,3.333709ms
2024-01-21 08:14:27.001631,0x4ceedadac7cdc12e9ea0a70a70e6de97aa5dc476f226a65242ec194e804371ad,8.1µs
2024-01-21 08:14:42.004443,0x9864d0cf0d2b77f56da51457a4454bfb9e48aa662458837c433cd75ce99c8073,44.371µs
2024-01-21 08:14:57.008993,0xff02550d3d9dd42d8c71699fdf8a1074237905edf4b5ab12a99343cc0d558ab1,3.330938ms
2024-01-21 08:15:12.004222,0x746b9d82b7dd038f9ba4ce2fdf6d6ab5a3b5aa68652fa5052f819a65afbf8891,60.12µs
2024-01-21 08:15:27.001145,0x55952c6fd8e67035312e35a5844f7774328b11fb097d8424314af2a911554701,8.36µs
2024-01-21 08:15:42.008890,0x19323f858dbdd3465639c2a999f7b26197dd0a2b17ebf2596653bbe7e5589f7e,2.884741ms
2024-01-21 08:15:57.005403,0x5c601b485b32047bd9fc3a08c2a27663822277e0e52c743f140d283893a1ed0d,60.257µs
2024-01-21 08:16:12.004838,0xbd12f7500e3beee862856107c52ebb127f6c1ec710c2bf07ed5d86a0a95986e0,46.073µs
2024-01-21 08:16:27.002914,0x281d7c60d4be69fb80cd620d99d7976898fcf2702ac05ddf41330fe53abaa4a7,502.749µs
2024-01-21 08:16:42.004504,0xc43a04f881fd35d908b5f8bae0a4208ef206fa445744e74aa2f76da3e9a46c34,45.554µs
2024-01-21 08:16:57.004562,0x0fa5caa60d9912f60ae097f9799b83b3ca1c88ac117f84fe086c16de03957977,44.339µs
2024-01-21 08:17:12.002260,0x8fb117f6781b0355a06bc26a06c47d1007b2cd997c18357d9caa4f34b1d5dfe0,675.237µs
2024-01-21 08:17:27.001600,0x005b2ba2994aea4b5768b989c0c7f4098e71ceff84605d496aa6d0b2273d57c5,9.416µs
2024-01-21 08:17:42.004439,0x52ca7f0c4e80eb7e016ef1f0a03a25630a51fbf1e324fbb793bf79d116715b79,160.206µs
2024-01-21 08:17:42.004500,0x52ca7f0c4e80eb7e016ef1f0a03a25630a51fbf1e324fbb793bf79d116715b79,48.8µs
2024-01-21 08:17:57.008326,0xfaf19fde96c391ae0e016d37f0e154a564eee1c74f26a2a63854ce3d73848c1e,3.26737ms
2024-01-21 08:18:12.004629,0x870c591f1feb6e53af88f8d4ed425f8326fd7672dc5b18ce43032758ec016d88,50.705µs
2024-01-21 08:18:27.001186,0xefbbb079e27f41d68566f41ab3a22a4d0b219f54f5ee0619fa91372f5ac66b87,8.051µs
2024-01-21 08:18:42.009141,0xdb046376d39d385c77beeb8f0974826c1731290476f0f2b5b2aa6838d9cbf79d,3.068729ms
2024-01-21 08:18:57.004995,0x207bdaaff41f8c68c655e4476782c31de620d2b15310e168465837060217685b,69.497µs
2024-01-21 08:19:12.002986,0xf3defa499510d6f158a66107d9d6e68d71693f2d6fbbe7dc73817f1c5e05209f,23.436µs
2024-01-21 08:19:27.002497,0xc9f7b3f7446331c88a702edc6e69f18b8ebd259e24b35ed4949b3a027708b671,586.007µs
2024-01-21 08:19:42.001312,0x645c62f3d1b1e0e95ee16e228bbfbd2227405bc22a465da00ee0312b8d8d7883,9.592µs
2024-01-21 08:19:57.004715,0xda60b490858f29bda488e76ce0091b992046c85c941ac68a694877476d53d90f,47.637µs
2024-01-21 08:20:12.009558,0x69ebdbec2a1034ecd72a67ecbf18dbdabef39d5aadc6b2cd47358a86b4cd878a,3.335503ms
2024-01-21 08:20:27.001773,0x87e0bbd9b89c49d9bc1fcbc41c2cde2261a6fe2203ae60ba488d7a023cadea67,8.666µs
2024-01-21 08:20:42.006511,0x4fa5cd6eaa9ba2f469e3595950fe2693de3209aab08b44934faa7410943d56b6,49.291µs
2024-01-21 08:20:57.008378,0x89c412b46a37a00b0ea51f9de112f682bae60945ab63f975ce4e20d53511e01d,3.260745ms
2024-01-21 08:21:12.004427,0x9d208dfe27b96836ec23fa9d8f81a946c944d12d61643536159362b2a94e5182,52.721µs
2024-01-21 08:21:27.001878,0x8733a2e27daab5da3a64891cbafcb47cd0c32a0750adb182e98992300dbe5dfa,7.763µs
2024-01-21 08:21:42.004379,0xa471b9802d70c78977c2caac6c170ed8394246bf5724f9541dc3842ea345ab04,1.58426ms
2024-01-21 08:21:57.004066,0x2c9e3351921e8436f5c705cb5fa5c20ee161a38066d4ebfa15d611ad5f87d08e,46.387µs
2024-01-21 08:22:12.004405,0x3da42335a0c3ca36fe64ac74e22ca340a7b196065fa3197e3119154bf215fdf7,53.62µs
2024-01-21 08:22:27.002286,0x441901770910f66d926974ef415b6ac8f465d97cce10dcf0311bf8d6501ca7d1,589.929µs
2024-01-21 08:22:42.003995,0xf08700aa8fb034965047bdccf74b02fb36183fed26d2d12f400ba3179a44b19c,52.77µs
2024-01-21 08:22:57.002301,0xbbb20ef7d3961cd4c5d3b7c4c893f8073b0fe72c9bd29d5581f5b778cbe4f230,7.25µs
2024-01-21 08:23:12.009218,0xe0f25118370c3f2821e3867828ad3e31ba87f1d5d5dc955f79652e5b69930b9e,3.208461ms
2024-01-21 08:23:12.011926,0xe0f25118370c3f2821e3867828ad3e31ba87f1d5d5dc955f79652e5b69930b9e,3.014827ms
2024-01-21 08:23:27.001644,0x69b1d964f4447c1e55925b9d2dd9c18189bf53f67d036edc3c94d7292af236bb,8.742µs
2024-01-21 08:23:42.003351,0x5febf8d6d04a0ee1947568c633e8369baa1feb22982e0c55765e76da8f812325,22.53µs
2024-01-21 08:23:57.002722,0x7765f6a2b44bf4c8dbd436703959ac35f91dab5cda6e6f6279937e9f38cf68f1,627.165µs
2024-01-21 08:23:57.002710,0x7765f6a2b44bf4c8dbd436703959ac35f91dab5cda6e6f6279937e9f38cf68f1,623.393µs
2024-01-21 08:24:12.002315,0x6303159ee547de67ade540f15b1b01d56dd111fbc829255a9f9bcddfe7537ee6,17.093µs
2024-01-21 08:24:27.001801,0x23c694dcf49e795a8b7d67330117ed6927098711b060e5381c862d146a07701d,8.457µs
2024-01-21 08:24:42.008709,0x43842642092d9cd5a6c68b2bb3ad33b5f6fb7ed8a3244fd2246a6fd340aa4a01,3.398312ms
2024-01-21 08:24:57.003874,0x2ce17ec1eb2d66a6bcc89985d7a649da6bb6125c8ed6a8090027af31fac01c10,44.542µs
2024-01-21 08:25:12.005419,0x0c49ee0281bd6e27374ee82a6ec3efa69351240dbc9e191f97c28b1ed19389c3,41.093µs
2024-01-21 08:25:27.002523,0xca5909a17287395f9317d0a3cb7ee6dbdec29b206effd5e953353c05ee7b72c3,585.08µs
2024-01-21 08:25:42.004644,0x25cbc3cec86d049511118e670fda220735b3f28259c9eed8193451ee18c05302,46.566µs
2024-01-21 08:25:57.004084,0xb7e793074b2c9ea7117d2999d1ca4d7653c4bf7b51ab1e72549c103b7a72daab,58.736µs
2024-01-21 08:26:12.009597,0x48b919268ed9a5f6fb5de01d16831d4d5577b9f019b9a1c538ef5572c58c0161,3.297686ms
2024-01-21 08:26:27.000828,0xfbfd5db332c1d52300f14749981c0792de64845226906b3a59403bb1f0e8d633,7.829µs
2024-01-21 08:26:42.004801,0x6cbeed807acdc96a73c71baaf32fcfc0640b8822c963132348280a04468b0cfa,47.54µs
2024-01-21 08:26:57.009631,0x3698db9f1f2e667f9ccf0c549b8d799c27b3a7277035276935e69d640f6984c1,3.386423ms
2024-01-21 08:27:12.004647,0x5e6f6708332d64d41ef87889c97e517722776386e0956745ad4597ba28b2b400,41.935µs
2024-01-21 08:27:27.001986,0x8678d7e4f4d68c21c33da47991720f0d705425af347993728e66bafbe92eb0f2,7.763µs
2024-01-21 08:27:42.009033,0x4d19264b867519283c12172e2ee3c29a545d4cdc64a962580dab563d15b94c9a,3.668332ms
2024-01-21 08:27:57.006560,0x60014f7b9c67dd6085028c58f129e55a5ccd02737651fc5f60708404f5ad40f0,46.123µs
2024-01-21 08:28:12.004071,0xee5cb14862e78d5976b07ff633b30f4db7160f3b051c43a93d4859b7d8f345ed,54.372µs
2024-01-21 08:28:27.002919,0x5bce71bf70900955f9399fc882faac148af96325d24b39ce7c5107c8168728ed,609.566µs
2024-01-21 08:28:27.002883,0x5bce71bf70900955f9399fc882faac148af96325d24b39ce7c5107c8168728ed,753.534µs
2024-01-21 08:28:42.004136,0x21df63f10164166a0c052efff7e26d4b7d01e79da5501411ca23d0066e0bd8d7,43.306µs
2024-01-21 08:28:57.004930,0xcdd89bece2c14f3393a002d162abe4a4ec11ec27e494c8f31c57386361049c77,51.788µs
2024-01-21 08:29:12.008795,0x4db1a0a562414a9bf053988a53cf17c0185807f5bb79fa681c7212a920945131,2.981399ms
2024-01-21 08:29:27.004608,0x0bd9f699033847fc2dfd290fafa658000a1e5618567c8d55a4378383a8aa257e,51.123µs
2024-01-21 08:29:42.004675,0xb07c818d7c954d3cac69c1fdb4ce12aec064ffc108586d68f7c1916d9404e45a,57.436µs
2024-01-21 08:29:57.009198,0x1bc858a0b197ac51205123f54cb08cf012133b2a8ac4af2147cf34a4e8a6721b,3.503901ms
2024-01-21 08:29:57.011986,0x1bc858a0b197ac51205123f54cb08cf012133b2a8ac4af2147cf34a4e8a6721b,3.134413ms
2024-01-21 08:30:12.003730,0x72660dec6add788c6ef09b8807c5abdb5c0c9385d64ff3e431d7c26324ee5250,28.202µs
2024-01-21 08:30:27.002119,0xea2bb9f1305bfef2cd938c3a5a8e783f01ba9d39230aafb7e669d1bc437802d8,10.278µs
2024-01-21 08:30:42.009940,0xaf4f02d74fb1fb0d5e98ad89ed05c67f8c26914600a2006344d0e2e83bb69d9e,3.528362ms
2024-01-21 08:30:57.004419,0xa96d2380a5db638f72c955a784f818f7d8e1f8208c0f49ac524f09367ac61a16,44.69µs
2024-01-21 08:31:12.006371,0x45c4fd68251991eadf9f1f1b11838733ecbdf06949ccbcdc4e2dbd2bf52d5f68,42.291µs
2024-01-21 08:31:27.009623,0x5fa7cf96478dcb65c60c1cb846cfee13fb3b4177c8d5c82b8fcd7e6132e08e3e,3.547816ms
2024-01-21 08:31:27.011015,0x5fa7cf96478dcb65c60c1cb846cfee13fb3b4177c8d5c82b8fcd7e6132e08e3e,3.715274ms
2024-01-21 08:31:42.004048,0x4eeb0602df8a6e4d14c8d9e54d261962279a16f9eb8416db928b89cb259b7e3b,44.096µs
2024-01-21 08:31:57.004660,0xce4b4565610114327e1416d4c59dde9b373015a4f507d5a0488b3f33ce92ea55,46.221µs
2024-01-21 08:32:12.008765,0x3c9d7b538773d20fe8462fb2fe6c64259e0fb138f77e76d815bb2665087156b5,3.135898ms
2024-01-21 08:32:27.004647,0xec96e6e99be90a087d2174265033c2b9d5604c03dc69406955093cce96f2818b,61.855µs
2024-01-21 08:32:42.004842,0xeff3520b0062a38b34891329d9e6bab8b0cbc079a2d44907272d6ce5175dddb1,48.402µs
2024-01-21 08:32:57.001865,0x06ab471c35920a16ca4eac0642dda912d9934b8469d5c94ea21d4836341c2877,631.248µs
2024-01-21 08:33:12.004524,0x53afcbdb2f35c31d97d6862ad67a319c492bcf935a49fa449ee3d34326f85292,72.103µs
measure_time,block_hash,read_duration,
2024-01-21 08:37:42.004295,0xd307c55d5912b75b5b2086b90b8fa3c1a9b1b741f65f005e8bf051831be3e7f6,41.328µs
2024-01-21 08:37:57.004760,0xce2aa799cfd485b1081074dbc97ad104c12847da554eeac595ceedbe3cd2dbb5,44.016µs
2024-01-21 08:38:12.007414,0x62fd332feb6acd3d014c40769b191e3d036007b950db84778cfe2378de0c8ae0,1.114382ms
2024-01-21 08:38:27.005549,0x092552465c6f4fd3938d8939e635b3f8d615f44048a3432464fbba251a7fd3dd,8.575µs
2024-01-21 08:38:42.004338,0xe2ea0078e2a9668f1f8b5414d68eed699889d6a088e14175326ad45bf726c305,42.807µs
2024-01-21 08:38:57.006317,0x4caefca0a30cd90656daaf811d59969c286897a4ce13f8542be457c764a53b60,448.651µs
2024-01-21 08:39:12.004433,0xf68f29c88fe0316bd7e8a3e80a59af95156b58add2882a2f40e22a14ba4525a5,63.89µs
2024-01-21 08:39:27.004572,0x23adde1cfa57833e5398ebb8c1904beedadc7fbc2e593314246cb83a626bf88e,48.278µs
2024-01-21 08:39:42.006812,0xdc6c217649be76bd1391df1a2f2eda34db0c5298ad8f7df67a18069d7b878c4c,731.588µs
2024-01-21 08:39:57.004949,0x404e5ffb8020f236ed1ba2ac60eb3e8ab5a660b360d4ab2928bc5144015d7c1b,44.561µs
2024-01-21 08:40:12.005157,0x2052eec6bf27fffb7bd002b024e25abc0db289096b2aa04f4967bfc0bf9e4fd3,60.109µs
2024-01-21 08:40:27.007447,0x59c5153f3eae422ae155c595cd5b13bb91546545e9f9b19c6268adb294445160,1.244808ms
2024-01-21 08:40:42.004537,0x6ed8b8a4e74ff365de6c0a0610582bc371e85be8ed8653f7c8630843dc62f91f,43.79µs
2024-01-21 08:40:57.004385,0xa72e3384d1a034e9b2ca42f0e62b131f626bfe10ea766a4317655b374adb15ea,55.42µs
2024-01-21 08:41:12.009274,0x514edda8c4aab515cc9d2b09bffb40f017ec2373c53dd2302e7668eccf2561dc,3.538993ms
2024-01-21 08:41:27.003942,0x593a267ab411a49ea88f103fa4e5e2c0580465bc3a96afdaa369ca0a41db1d91,56.918µs
2024-01-21 08:41:42.003193,0x59e2a4e6efeb522c54d6b76d6d6c376d1aea23de9b07ab1afefe99119266401a,8.758µs
2024-01-21 08:41:57.004489,0xc9d78e11dde87b08dbbf404300d09c3ffdb784989e1602cf9fbac11ec298fd34,538.196µs
2024-01-21 08:42:12.004291,0x2fb96eab22b00adc1b235882b0be06f143f4424289ebcc674d5c5ea3347c03c9,48.868µs
2024-01-21 08:42:27.004669,0xd183db8c93c1c223dbb352f026587b1a4c69f8274a61a6e7ef9c8717caaa3d4e,43.206µs
2024-01-21 08:42:42.009472,0xa03022a2e89f31e092da6bb914e084bc524d2ad95cfe9a59c409744e22303994,3.676009ms
2024-01-21 08:42:57.004533,0x8d13e73099f380873c8668fe491484fb01ab0b4d20095742317abc6f48217395,44.758µs
2024-01-21 08:43:12.004413,0x20fc2d12648459a6b3f27653d9a53cc0fc5dc398ea099aaf349dad38e8cba5c3,50.114µs
2024-01-21 08:43:27.006868,0x1df7b773a7b95be97808e43e9efc34a49e100d12f1ecc5cd837904971de85e2c,1.071748ms
2024-01-21 08:43:42.005259,0xa645531b230dd354db0bb9c75ef6bbfb6999c574dca73add69316402ad53e48f,45.208µs
2024-01-21 08:43:57.004646,0xd5dc072b9c4001632f721e69f76b1885a9b02fcf8e36523492d512e8ccf9a568,46.747µs
2024-01-21 08:44:12.006874,0xa712a6bfa492747675021a761140e8592a7b495da9163dab02865f6edb540dee,526.534µs
2024-01-21 08:44:27.005652,0xd83ba7fc80a8c8fff6c9318c1f03957bbcb1326f756fcc6389d7b155ba5e3d4a,55.059µs
2024-01-21 08:44:42.004500,0xff3d96aeadb995f19fabfe85c87e5a15668ebc38d16df0d82cdf2ab7d8c8bd09,46.662µs
2024-01-21 08:44:57.007288,0xa06a3819e6648e164a9f3202d9a6f0aa3279be5c1e69710362de0545ad371722,2.489161ms
2024-01-21 08:45:12.005106,0x52aeb4112716b8a4baed9b184e3e80e29d7d16719d5c74fe6dfae17c9770d78b,48.661µs
2024-01-21 08:45:27.005194,0x0f9d2985237fb910ea44c1e288c907310a5dc36247c0f3c38b1405b5b0bf6834,43.899µs
2024-01-21 08:45:42.007090,0xe5a5cfaf646a19c508708c96bf482e8d72c46204d0b4f6c6fe88338abc7e8ad9,1.049527ms
2024-01-21 08:45:57.002846,0x6bfece624505202125a69bd214ab874399c0ba7153512389e56498583c704fa8,25.622µs
2024-01-21 08:46:12.004193,0x488932524d86eb4c5f4f185f82372e89fd5d0fc4269d4465c55bb7ebfc9d02c3,45.542µs
2024-01-21 08:46:27.002225,0x22ebdbab34a414f9f548fed6a496dff11b95c92a1c3ffdbec4f32f58c19f653d,814.656µs
2024-01-21 08:46:42.004427,0x1399bd881ce3011d7743eefea0d12523fe744333d75214407f94a377a647031a,44.548µs
2024-01-21 08:46:57.002307,0xf638c60e7ece43816820e291afa51a7cb4a797eb31e0ccc6cc435974d9ec387d,9.582µs
2024-01-21 08:47:12.005889,0xdaf70750ac33ec66509087fa539a5a5211042ed287c8ed4b9d0a3875ec2ad83d,642.564µs
2024-01-21 08:47:27.003634,0x4e96262d08add02afc64c567c761bdd6ddda40a5f3c47bef5b17126516f5f453,42.329µs
2024-01-21 08:47:42.005009,0xfee71d327ddcaa9c27c84a198cfe9e9b9df5e8d6f98b3c71985d63200d9296da,48.609µs
2024-01-21 08:47:57.007393,0x816908f7fb03f01235ce3da90e91acb5901bc715524a2cd3b166e96c58903725,985.601µs
2024-01-21 08:48:12.003840,0x65f1a9b832a504669229fff37c7489174727e6f04058869c0126263d7bdc550f,57.441µs
2024-01-21 08:48:27.004565,0xd6d11f380ae3f48a9db7794e83bb9211a0ac04959f182039b76f755d5af538ac,45.113µs
2024-01-21 08:48:35.747124,0xc43a04f881fd35d908b5f8bae0a4208ef206fa445744e74aa2f76da3e9a46c34,185.91µs
measure_time,block_hash,read_duration,
measure_time,block_hash,read_duration,
measure_time,block_hash,read_duration,
2024-01-23 07:34:27.004594,0x372e69b41ff54690b708dbf03810ae73717ce51b540ebd72aa930ea02427a41b,41.352µs
2024-01-23 07:34:42.006236,0xebd1ee4d2b45bf9868868c7d09918dd2ef3f1e0318517ca847f976752c5e3afe,900.354µs
2024-01-23 07:34:57.004630,0xa5e618ac471458d6de5a90b0b75f9aaeec0a409dd950d38c1174bb70f346d34c,41.751µs
2024-01-23 07:35:12.004034,0x0d6ea12ac147f9ed434389573ec9243b5f74adc665fa5adf8413bc438d3de184,53.957µs
2024-01-23 07:35:27.009480,0x7a6e72b9bf9bb7de161488693d7edc98adeae9f02d6ddf37ef5d08f30a41647e,3.847935ms
2024-01-23 07:35:42.003953,0xdfa525c0c247667dc93b401ee75ec6c875862e6999372724e419eb7615df473d,50.484µs
2024-01-23 07:35:57.004125,0xa50435c97dd7cfdacd33accef7e91ec44a87f8e18940abe9085eb8d4753ed9bf,39.204µs
2024-01-23 07:36:12.007158,0xd2b6a77e5d334460417de5b385dfa14942cd81910b122735ae08e6fdf77695fd,1.053156ms
2024-01-23 07:36:27.001618,0x3d9152b006c5e769cb422525d1b88559e7f01e7a367288ad8b9a465eacc39881,9.094µs
2024-01-23 07:36:42.000833,0xa3ec1eda4b6a7048502105f24535c339be6060d85976ff36906068027c9b21f3,8.578µs
2024-01-23 07:36:57.002557,0x16d5304ff74c631ef1ea3cb5b9ea676c570c3cd2c20facfc4c64ae2b7b511ef6,662.684µs
2024-01-23 07:37:12.005258,0xf2167313e80cffd3434eeaeaf939d3b7f84a091ad68f4ca713f5c7f3d594cc82,28.229µs
2024-01-23 07:37:27.002042,0x468865b352d990ac19cebdce116c49bed7c0dd1fd81203b76a0d134e691f9bbe,7.168µs
2024-01-23 07:37:42.002327,0x125a4d3e4a5f3cf27a29f543675542a012e66e3995a645c269614690e8d5192b,630.76µs
2024-01-23 07:37:57.001306,0x03076064f9890d760f20fdbac6c7a5e0b0a6e6b6c324a45b608f527fb4be2d97,9.593µs
2024-01-23 07:38:12.003701,0x8ae5d33f70305f54ed5ed1a5edb268070c7ba28e080a2c1740f96ed5db3f22cb,42.268µs
2024-01-23 07:38:27.009540,0x90076e81bc366d91b76c88257f6e07404b75361d505a1c938c6ea90b52becbeb,3.706327ms
2024-01-23 07:38:42.004061,0x0b63d562d825cde5864c889022176799a9a45f3fbbcab1543898a1c0e21df0b0,47.88µs
2024-01-23 07:38:57.005060,0xd403740977e145c3c501f424513b9d2adb10b64481f44079468fc21357833eaf,46.743µs
2024-01-23 07:39:12.009800,0x744934535490991398b5e248216f8bea4c97cc20e73eaab609b95a86a9cc9c00,2.968734ms
2024-01-23 07:39:27.002095,0xd0274ad79f2766f3b08452a3ed6366ed87daf0ebedd3956d43b3b2708e620c2e,12.054µs
2024-01-23 07:39:42.003330,0xaa20ac9682536741b84651dfc8995b3c933cd832a8251f588c89ff2bb072cb84,40.975µs
2024-01-23 07:39:57.008620,0xbd26380793201f171e7b69debfa865164d8cc68e9eafba8327b893d251af1ed7,3.176285ms
2024-01-23 07:40:12.003845,0xac52024493168eb5443550da4038cfc9aa8749db790ad594727fabbcae04d5c5,42.444µs
2024-01-23 07:40:27.004692,0x978809b6f34c5c60dab0270b44133ff2ec69fa464855323da3a569b2b61fa584,46.023µs
2024-01-23 07:40:42.007564,0x4f03052c72f0da00919cd69878ce09db927d1ffb03fbef71dcbe92d66ee300bd,536.59µs
2024-01-23 07:40:57.003845,0x7934b494e63612efa57b2beaef0ecf2ed73d5f17917f3ed212176a67d63e1ee0,47.874µs
2024-01-23 07:41:12.004299,0xd3f4b00d40b6a09158cdfa4cf703706b6beb611fc16caf29b48b52d417c8b414,44.29µs
2024-01-23 07:41:27.007598,0x1ec46c40f425d74b4c036b74f0c47958bb094cdf79b05a897ca363ecff6a2a29,1.091542ms
2024-01-23 07:41:42.004065,0xd643058750ed45e0ac001f8430f5c9c323569e3686fd273ff12887894d1e4158,40.1µs
2024-01-23 07:41:57.005262,0xcacdd9a151825357fe354bf11e40e15ab4436df2e0ee05521277075b21a1480e,44.945µs
2024-01-23 07:42:12.006838,0xa1f81a09d3c6107d7436d49a3afa3ebd9a1bbbaa8796b4b459bb5d0b2ca7c524,804.147µs
2024-01-23 07:42:27.004220,0xdf6dfb6187f348ed13845ad4d18d98f3382075344612be58fd2bf706a286c358,43.372µs
2024-01-23 07:42:42.005171,0x8209f4f7bf59879de8806a681d96759caa729f0d22580863a3e2bda6c4fd2a0a,43.629µs
2024-01-23 07:42:57.002317,0xfdc6e4fb70382878b5ab5f7c652d6059c2c1a45835ec64126be29f584c365c49,816.236µs
2024-01-23 07:43:12.004701,0x154d672b0e64f50165d178eb7647b7e4c779e956dd3dc7112251f885f6ca2560,41.175µs
2024-01-23 07:43:27.005181,0x625d3df31d6ea9a31e5b738bb2512c752664485c6c5b7f6b92ed5c674ad15260,43.257µs
2024-01-23 07:43:42.007191,0xe3d1253274cc0411d119ca3d4857eea8d181aae770424bba6397dcf0325a4890,831.43µs
2024-01-23 07:43:57.003794,0x325cc7fccd0a4d4ebc5811190e2f5ec35ab150d82a91ef9c0d4e4fab8c4b5271,45.016µs
2024-01-23 07:44:12.004916,0x8fbe600adab89abdc9c3ca48a9c038e1f3641c87b8d04d9c2f36953d8e891326,55.131µs
2024-01-23 07:44:27.007248,0x27530e24d636d7ee251e431d5d773664dcb142423136962b7980c5233d1395c3,776.736µs
2024-01-23 07:44:42.004281,0x9ea598065e9d206eeb7ee3cc2ceac43da991aeb14f61b2130f813c57cf2da62a,44.946µs
2024-01-23 07:44:57.005292,0x757c4e345bde2926e5167345bc63c1e0f7d24e26bfa52814f695e4ec750498f8,44.254µs
2024-01-23 07:45:12.002481,0xb8083fbac7bba208fd042861d3d561547cd242ece6b50e45d4d465f622bd38c8,555.709µs
2024-01-23 07:45:27.004774,0xfc6cda5da813ae2fe5fe2895ffec393ab9fc3720f91974c521660bf7fac3392d,47.504µs
2024-01-23 07:45:42.004775,0xb6662370e8d923a305aa574d2f819a8cc97cbab0bdc2e478430c5f89d0c02b39,53.274µs
2024-01-23 07:45:57.010037,0x24f6349ee082447b4777fd4d39fda484d1cf0ddb59d30798b422dbca820d0140,3.455985ms
2024-01-23 07:46:12.004520,0xe8c5a2348c685c03090625cc02e23bccc650216d1855e28661476522f692204c,40.386µs
2024-01-23 07:46:27.005240,0x4fd3b7365f58f458de8f5a0779524fe40bebe137b042031d5a23de3912a1956c,42.08µs
2024-01-23 07:46:42.007472,0x04f1b77b9536449df312fde2ebb8f1b4fd0647f8e285ed8bf5e45acbec1b0520,643.826µs
2024-01-23 07:46:57.005864,0x38d2131bcce34c4dfdb3e227b3d54fc9ea1dc1e2b521c9c85466264b10f0973a,40.119µs
2024-01-23 07:47:12.004175,0x32c719af0e82ea2aafa9b4c7e25f9c3a1bebed2b959a5baadf0d3edc4e638cab,44.93µs
2024-01-23 07:47:27.007455,0x38b48759f3e9a132aa832ea7e1051b41821743eff53a07e886bb626afd9c6cce,659.257µs
2024-01-23 07:47:42.004018,0xedc75797ee528e645fbe112b983666e2b1a4d488b34dfc7857e2a45d9ac884c0,40.387µs
2024-01-23 07:47:57.001869,0x69e002e124ad81c17c4cc7d7bf82b98e61bd8c4b3f02c4614f05c6eb192214b8,7.57µs
2024-01-23 07:48:12.006699,0x5243f5e949cd0aec7d8c26b88e61bfaf02cc4ae5974b22fa17b793db8df8850e,690.775µs
2024-01-23 07:48:27.004532,0xbb16dbc304e2302bb3da1086707652938482c747474e3a0de6a2fcbc530a9d3a,44.867µs
2024-01-23 07:48:42.004293,0x73bee9172c9152c270c827bfa1c823cb476307f05f0e24b9248c161c92d127ef,55.232µs
2024-01-23 07:48:57.010431,0x2c3e8f21a973e859cd91d16b8564879973e8823857908d0b835f3cd2643c2257,3.793153ms
2024-01-23 07:49:12.003681,0xcfeb82ea46a36f3e8671b61bebf45912bf019473113bed1ef07d61315126f3fc,46.115µs
2024-01-23 07:49:27.004325,0x3f8cb54c478d85d50c1180467afd0dc59fcc61c6ae18d00908fba653bf8f9924,49.005µs
2024-01-23 07:49:42.009631,0xd66d68d9d0faeb2cd663ff57eec275e1b2c06ec4a13bec1ee579825216f187f9,3.221769ms
2024-01-23 07:49:57.004388,0x881521afcd615e343f19bfee5711314f7977b384cf016d1c32128036c61dac01,45.179µs
2024-01-23 07:50:12.005849,0xc05481673175d2d131f06aa3b90dba465b4aecf93340055ce005c55040c85fe9,47.303µs
2024-01-23 07:50:27.007195,0x649c6427b393101e3686df4522b3d1bfa9989614c02531455f64c4abb5674740,789.63µs
2024-01-23 07:50:42.004051,0x7ecd76c699b9cfe64f01fb8c885162379e27dc013b85e1af1b540d6744f8dded,49.85µs
2024-01-23 07:50:57.001873,0x263f9fa42318c35986dc3910c69aaef34d25b150bc7bd2034c8adde9cb76c5e0,7.465µs
2024-01-23 07:51:12.005367,0xb61cfebf3ec22f103aa0549aea3b0c530a93b727d4a25e38fedf0013c6071a70,567.273µs
2024-01-23 07:51:27.004525,0xa87cc2183e037a86f9decb5a0627a6ff82b7af72486897e86a8ee56d3a8d1203,43.261µs
2024-01-23 07:51:42.004836,0x847c0bf280596a98fb1e967289c765a689650052dc0d301e0815e7e73fcf9af0,43.337µs
2024-01-23 07:51:57.009940,0x8fb5c884e49397fdf2ca64a1840e2d0301908f6409d0bcc0c8ce654852864b9b,3.727497ms
2024-01-23 07:52:12.004541,0x5c73e3df83e0737f73df22971ca0fdb701f3afaaad26d0bd9c7763347dd20316,43.97µs
2024-01-23 07:52:27.005351,0xfe014c7cf5526b5982e018fe07ae98c5879436256dfd56146baeb43d140fb646,42.318µs
2024-01-23 07:52:42.007054,0x8c6ab1f1e2f8fa92231a76ea3d473682013926b1c9514a289c89b328296b0f3d,700.902µs
2024-01-23 07:52:57.004398,0xeaa3ccbb0ed485930a675335eec7edee7d640da6215178a69756c1a03c3c2a47,47.124µs
2024-01-23 07:53:12.004707,0xe662b9e66bcf5bce8c9cf735575a8b7e7102c651bd339105b7df3d79bd989316,47.29µs
2024-01-23 07:53:27.010347,0x89f4b31521d5fee8c0f6f8c0abb8da8544ee91f1cf73893484b4fb2561436be2,3.847827ms
2024-01-23 07:53:42.005357,0x6e7b6573dddb452462cb7e370b4354520fb808b2f868fee36004982e8d637925,45.625µs
2024-01-23 07:53:57.004498,0xb897984fa969c592a3cfec8b942d90fa7bb2118ba793e474863aa20b3de05eaa,48.311µs
2024-01-23 07:54:12.010938,0x001ab0e633c6beb3c35924c250ab2631f24ff571ebff113a7e3278f40d9a8500,4.138296ms
2024-01-23 07:54:27.003948,0xfbb0456ef1f807b49f89a1d3397695aed439507a530719ecbb617b5a82c54325,49.496µs
2024-01-23 07:54:42.004466,0x4e3cb3203d0d68230102354ed0dc39e1ce0a5f7869bb7371bd26a302f1b142b3,60.292µs
2024-01-23 07:54:57.010809,0x56c86bd424fa3d0edceeb9026ea4e155c32a4ac1a07b3d2b248fbbd4e155686a,3.902233ms
2024-01-23 07:55:12.001138,0x7aac79318e4c14a81b5a6e7627771dc79344fae0eabbfad872b3eacafbbb7de2,7.885µs
2024-01-23 07:55:27.003912,0xd93179f285ad3283ba9fe3ce826aa4eee3871a6009d069088ff86aa97f72e7cf,8.578µs
2024-01-23 07:55:42.003099,0xcd2fd4418d4d85bb348b3b70c99864feff13bdf9271e9364d67d825c9f5a6c38,738.793µs
2024-01-23 07:55:57.004176,0x5d2d7d4dafc33d85f6abbdfd7dfd59ac82a923aa92f4602905bf9ab4eef82fe8,8.111µs
2024-01-23 07:56:12.004274,0x7617b15ade5ead5db9abe8f91b5469bb83e2b8948e75b8a4384c308e4dea182d,51.969µs
2024-01-23 07:56:27.006955,0xc3c154c3a6b4dbbb2a223fc76cf556183ea32750d230710e53ba7dd050fdd1d0,572.007µs
2024-01-23 07:56:42.003733,0x72e2c647e48e303bb1dc9e523c1fd570d81dc3a4422ec0fb335ca4bd1da6010d,52.236µs
2024-01-23 07:56:57.004986,0xe9acb2a50f36d8b50abb13605d68fcf6420e8e2051aade9d0717b93c898c4d7a,51.415µs
2024-01-23 07:57:12.006920,0xdd42080d9e5cb1166c6b50bc72afadc332911ca34328bfa1223f5313b3a69fbb,654.382µs
2024-01-23 07:57:27.004046,0x6933ddbfd6bc8b5f31bd4ac4e50c23c987e96be3e7cc83f9d45cbbb40b5307ef,53.631µs
2024-01-23 07:57:42.006628,0xfd95a159fb135f4484f59cf2b6ebe5bbd92b784a940f220b3f5c0ffbd4b98c93,47.874µs
2024-01-23 07:57:57.010621,0x0604c249bada41f43312c0bebd043aaa65f59e56149231b957b1ff04ef430b79,4.310825ms
2024-01-23 07:58:12.004535,0xbb24f4ec7e17d74770c4028be40d9100ec981737d3c6b80b65fd4660ba802b6d,47.567µs
2024-01-23 07:58:27.005769,0xa4b6069ed7858d288d0e110de50e490efc13af2ebb844d06b2d05f7613bdda05,44.874µs
2024-01-23 07:58:42.007265,0x8a02dcbf14afd7b968811483b2de92ab9477fe2b69f4b915189643200d2f973a,679.209µs
2024-01-23 07:58:57.004654,0xef7d5de0afa34c14052dd2d4279988cb2ee275efa9638ddfdaede1ed3f93b004,51.649µs
2024-01-23 07:59:12.004347,0x2bd56a12f8163b1d2ee210b483664714bd6a6e41b3531e6649235a7eff8c4f70,45.652µs
2024-01-23 07:59:27.010433,0x01d86c6356459d5113c23ebe5a966d384b8c3baf86552460e6fefc1d41945dc0,3.499783ms
2024-01-23 07:59:42.004420,0x18924ba12f67f85e5b89f80f08ed1e270edcd5eac6e28b59acaa7413ea988ad0,53.069µs
2024-01-23 07:59:57.004764,0x4f28dac2b6d03b8d2503ed51a25e1eba39410f7528a034e25041177698923745,50.368µs
2024-01-23 08:00:12.011819,0x1af64a176fe53ba326c6dec585c9a34fbf7595dee9f9667b2bd646c6df1748e0,4.36759ms
2024-01-23 08:00:27.004251,0xc2a6f86fef5c4e308312507586f7be0d87caca0453063c294e14295f9ce980d2,45.347µs
2024-01-23 08:00:42.005074,0xbfe58dd2401cb12c5a7378d75cecc6cc9caaf1721e43d73ae3b46fef782cbe5d,48.915µs
2024-01-23 08:00:57.006469,0x5bcd2cf088bda13a7c500f95bb900a055605d53d78039f53557010d45cabef22,569.668µs
2024-01-23 08:01:12.004306,0xe9723bf847eea3fff98fa55597d86c5a6034140dd9fb36654143b7dd6f89408c,46.123µs
2024-01-23 08:01:27.004985,0xcc71164720be2e5598f336dcd8ae9c9a822519fe36dd046dea8889d8728e8478,46.391µs
2024-01-23 08:01:42.007335,0xaacc390f4a877644700a204e7ffea0dfbeff8c8a9d5b4581aab5b5f079e0b935,682.689µs
2024-01-23 08:01:57.003451,0x3c6f2ef79959ee5a75c2babefbc481ed1a7d83dd5d60608a4da78847f0f9fd66,42.9µs
2024-01-23 08:02:12.005033,0xe88ddb078cde1f805c4f91a6dee02afbe277e11fc7198dcdbe2c36f439c1f64d,58.725µs
2024-01-23 08:02:27.007187,0xefca804371ca2190acc350ccb5e9fca1611582128255c8326a27c5b28fdaf86c,627.919µs
2024-01-23 08:02:42.003594,0x39cbc1100d61b2e803bb6fd5e696dca42e8722711453d304656e825f463eb2a0,45.562µs
2024-01-23 08:02:57.002243,0x04c945522a43c26f232c52fb23040b580a8d86b7a6e42795c81d7af7cd9886c5,9.646µs
2024-01-23 08:03:12.005469,0xc8e62b5874c5a81b74f95b3a665cc17a86d047e9cc3fa3188db0c3a9d96ee22f,689.66µs
2024-01-23 08:03:27.001858,0x945183b916d57254b3522b02b57ebe52d8cead6c9c84c6d9794df1f895bccbf9,10.001µs
2024-01-23 08:03:42.001062,0xe7d740cabd18c63aa1301b6c394921ef82759fa21c089cf1048a02bf501c65fe,8.506µs
2024-01-23 08:03:57.003004,0x87770700f3ac2500e31fe51d267c33ff51fd5609b93fd149246b288c9dae0329,689.685µs
2024-01-23 08:04:12.001394,0x6602d07c157716271584914db8c20e4ff85e6b00132539351fbe34072b179fd0,9.568µs
2024-01-23 08:04:27.005098,0x51b234e6e48d87e21b8c7a730265c3c2d0973eab670be5e25537bd2b95c2eae5,52.098µs
2024-01-23 08:04:42.011168,0x094b659d3d1f9d9fa357cbad176b87d0a8b1090dc5566451e708c334321c4f48,4.01719ms
2024-01-23 08:04:57.005088,0x25b8d6951112074f52462cf8b30bdb3576edb98e483d4fe70c8f85cf908c3b27,46.993µs
2024-01-23 08:05:12.004387,0x6babbb4c178369ca691440fe1c621a9876486ab13db09a84ead529dcc3efb3bf,47.601µs
2024-01-23 08:05:27.006897,0x66d005686d9b30f51d724acc3d2dfd0b2c51cf1c76a58197cab954569ff29ac6,1.341795ms
2024-01-23 08:05:42.001962,0x58f7660e14e90552c0a7b1cc3fe98a358d62c4682b532a6d5ad92bce5b9b8432,28.614µs
2024-01-23 08:05:57.004549,0xc0fae90c30620d700f842148eb6a7fd1e87bb8e172b262c0ccbc94979bd7b67e,46.332µs
2024-01-23 08:06:12.010770,0x01268cefa7fe6852ccf8c9c0e6c7a1bd7d301fa6276e11a384e8fb9347ee8e51,4.177037ms
2024-01-23 08:06:27.004471,0x4c02f5b4572201660aa37a5173d4a69134da491278f812c4b95d916ed9651adb,49.004µs
2024-01-23 08:06:42.004449,0x902843d6d752ad2b6fd6d14451a9c4f0589641094a635520331a7bfcdc9aa4d6,60.173µs
2024-01-23 08:06:57.006633,0xf1930fab7bb3502ae22e47277b7de075cdf9b733a13ffb90a3455ef029871414,724.305µs
2024-01-23 08:07:12.004612,0x5c12ac24cbd8c25edd59a843b15c1947cfa6af3b1bdbe1f4fce16641003a8b34,9.709µs
2024-01-23 08:07:27.004446,0x7e4f0b6a62e879d71dcdacbd55f059ca49dab42881945eed806bd652469de8ac,57.041µs
2024-01-23 08:07:42.011383,0x4597b00f0f2a5950ceb0f04f47526b46f36a3b1287302fcd7cacd4a787b5ed29,4.049044ms
2024-01-23 08:07:57.004014,0x9bc6f3358daaa55ae006c04f59583e2798c101251fe0b42197a11a179a2fc731,71.694µs
2024-01-23 08:08:12.004664,0xc9a5a3f4bc594487164a009d41bc9287a93c77002f602dac95af1c2411ba81ff,57.396µs
2024-01-23 08:08:27.010259,0xad1932f1b2266e83e7ae828fc4d38c2f94c942ae0dbc07a4a64d5898c8a88ffb,3.42351ms
2024-01-23 08:08:42.004918,0xca911459af0cba8cee14b7083c2f8af9c460c771308ca720ad8b0a876ababbf5,55.19µs
2024-01-23 08:08:57.004427,0x382a4ffc1bc754e1f6df363c6827cc944609eb0ecb0b9d71f674397e8374069f,44.691µs
2024-01-23 08:09:12.011677,0xd3e302d3f09b9ab822f2d6a970e60b9b04cd12cd1ab752fb8daed822e7f375bb,4.681722ms
2024-01-23 08:09:27.004270,0x939892fe8c564523c5414826fcde6d4b1103ae9908360e923782c258f19664dc,52.96µs
2024-01-23 08:09:42.004421,0xe3d0ccee306e93a4b099565d1b0a79f3f3cf37e5ebba5589433f3ccb18d647cf,45.788µs
2024-01-23 08:09:57.007464,0x844adadbaf5b9651cfb07c9ef025482c2bc346382628ef33a34712fc8b619add,711.782µs
2024-01-23 08:10:12.003573,0x0ed13a817cb36444ca97a5cebb8d1d6c2f9559541f5f99be31ce32136b32ae7f,45.818µs
2024-01-23 08:10:27.004904,0xd8cfffa2cd2f39236afba8ba10e2111dd3fc7c1a9401860d86ed4f6b22999534,47.493µs
2024-01-23 08:10:42.006380,0xa3f632eef7210328f9c6e2c47845d5bf9aefe4831b89275ef6da8f459a891591,744.643µs
2024-01-23 08:10:57.001732,0xaa55bb905598ec732663d3bd5ca45ddc62e25eff1b066716c9af68abcba773eb,8.939µs
2024-01-23 08:11:12.004161,0x56a51928c8bd563160ac3b60cab9306c08269e0ad9c18b6cd81176eaa6dce534,47.52µs
2024-01-23 08:11:27.012130,0x561122cc3a917bfa2a0aba9224f1c25c855dfe3f84ad776fc1e5557f9e8ffbbd,4.262259ms
2024-01-23 08:11:42.002010,0x1e3ac70847452580d42f65664e937ab50988f6a2bedc1290b58ca7faac256f94,12.914µs
2024-01-23 08:11:57.002043,0x3f94cd0e820db3e62b6fe3a153ce3517f7e60950134a97b9cf1cda19c377c402,11.516µs
2024-01-23 08:12:12.006927,0x2658a7d7ec7d25992477dcd6373babb649a15fb00a357657af8fa51ec5f4b280,749.061µs
2024-01-23 08:12:27.004605,0xeadfbc25e665513e32473050d4ff887409148bb82288cddb9af6a1b197a97a61,47.213µs
2024-01-23 08:12:42.002937,0x3ff2122760626b062d2f97642bcd9f5cfb9b48ab58d08e57ba8f57935ffab823,18.531µs
2024-01-23 08:12:57.006685,0xa24c6925ccf7145e91bbb684ae0d5e29374a2039a5407d5b1659275be5887895,706.442µs
2024-01-23 08:13:12.004622,0xff13f309f95de0928b834d8a672c3744633a59e257e7fbcd2d3d852b704c96cd,45.888µs
2024-01-23 08:13:27.006560,0x4e6f19469b8c9f0dab5235ada51585f425afa9f9b3898aea8e1e45e13fa2ffaf,65.689µs
2024-01-23 08:13:42.007418,0x8a015d316988afa9db78e64a8759d251ccf54246d9b16c66f18c2021f3ce2239,730.903µs
2024-01-23 08:13:57.004291,0xcef96aaaeb340602e92182d16f435dab4b512955693f92044f4aefc95f19da27,48.077µs
2024-01-23 08:14:12.004535,0x92d88b05721cd4a11256822c1b65e52ce1456fdb21f29839d1848922b8cf91d6,47.724µs
2024-01-23 08:14:27.006723,0xf1eb865bdf66c1786053bea0b9e684b52b77e8dc9ddb22fb089c547df0573c59,758.439µs
2024-01-23 08:14:42.004588,0xb00b5b5a3d3607071eb4ef979c2d4ced0a6fb5c284bd0f340dbcd8c8fa528c21,50.957µs
2024-01-23 08:14:57.004534,0x0f5d375237f567c8d60b4d2010b41a8aa948399e8a3b72bba1b7d4860f6190d4,45.696µs
2024-01-23 08:15:12.011740,0x5724473e6d2c73e22b0dc79c1c0de69fe43547b41c57ae34ac984c2303897a24,4.255116ms
2024-01-23 08:15:27.005145,0x461886e1644fde8ea66f44b62af83963f1334a2ab8c4c70aa4245017ecdae2e8,47.671µs
2024-01-23 08:15:42.001657,0x4e720e059ac90d729b9aeadb1d164d63751f8038105f526050f26c9827de23eb,10.342µs
2024-01-23 08:15:57.007345,0x7b6da92e8daa6d2d1d967f57361a75c4d2387d0fe5e2d84a38f706439388d2a1,614.163µs
2024-01-23 08:16:12.004756,0x9689b972c08f0d8e344f01ce30de24ca4fc8fa51a40febb4e6ee7644d66e5b57,45.672µs
2024-01-23 08:16:27.002063,0x62ffeee8e371d9eb42eadc435a2952bf8663a9a8d5404a77ac93abbf75c8aeac,10.441µs
2024-01-23 08:16:42.007748,0xa64e82c6a01158ed9ddd7eef1cac3cff88480aa71e4548fc4071010aaaf32ccd,597.011µs
2024-01-23 08:16:57.004693,0x97676731c48900869101fb5c537977ec0b52cd655557e827f26d814451f5d701,66.864µs
2024-01-23 08:17:12.005198,0x5f6bac3916b9781f62552283c58c9f64bebf344fd895512d2bcdc2af51ebff41,45.509µs
2024-01-23 08:17:27.006816,0x83e8f892f18f22c2d8b6559599521150d5979710698efc7655f163e9889b7898,743.791µs
2024-01-23 08:17:42.004665,0x1e0ab4b8410bf4ba28c0fd0756758518f2d230ae3498f5aef10790aded160285,61.183µs
2024-01-23 08:17:57.005104,0x4ad76c2944548ee9e45f11c5bdff79e35b421ee1e031e1869fa1fb647845d2aa,48.629µs
2024-01-23 08:18:12.010671,0x8ebcade1c1747dea77324e38854bf709a599480e1d0217ea1159f1255955940d,4.026469ms
2024-01-23 08:18:27.004596,0xdb52341c40bcb120979cd2f7c6c8afe8310624ee1671ef746986843963fa46bd,66.902µs
2024-01-23 08:18:42.004528,0x585f0d0e17508b4e8fa8a9cc0a3c565524b4ab627a65977debafe760a54d2db1,56.399µs
2024-01-23 08:18:57.007106,0x7c96dbb9f48e353afa647dabeb8f96481a1d9ad69fed2375f77568d5251744f5,741.411µs
2024-01-23 08:19:12.001870,0x29ab72e18117885c5b47c7f7b6296303492f45eaa124ea0c973b323ff3d788a8,9.816µs
2024-01-23 08:19:27.004204,0xaac3c26102c3e92b5525dd8840af0f8d91d998bef004de966544c5b2d4b6a760,47.046µs
2024-01-23 08:19:42.011664,0xe49185cb7b1b5774227112865027900f1e4056071aeb1caaeaa5a43368390ebf,3.894071ms
2024-01-23 08:19:57.004771,0x7544a58b6efe8f7a86e5e77f43ef43e623aa9dfeef218398a60520083d214599,47.663µs
2024-01-23 08:20:12.023728,0x47a0cd97ad3bf01deedc7cdee2946a725868720aa70c1ba52c58832faa2bf7d6,678.428µs
2024-01-23 08:20:27.010864,0x3fffa8bcee0a63cb5cb1b5fb1c45453987f7af390544a95268408eedbb74e014,4.299851ms
2024-01-23 08:20:42.052938,0xc8b6bbe957a5588087e3824ab64cd16dfdd7bd9cf0f4e250a6c392897e566926,1.077429ms
2024-01-23 08:20:57.032123,0xbf9498dc44e3d43a8caae1ca59871855b9179de0ec6ba2ce3a5f51a956d89480,869.111µs
2024-01-23 08:21:12.014775,0xef38b5b991a23478e63b387062f072c2dd2f396428b069459e22376ef2dc0808,4.308942ms
2024-01-23 08:21:27.048622,0x331393706871664cd815cf853bcb23223304abc3a228b2cb2ff805ebcb95f05d,1.111765ms
2024-01-23 08:21:42.060922,0xa0c2d7025c9c1e24bc5e12a05585a77fc0ab40da5c73d03e62f443342adbeb87,866.39µs
2024-01-23 08:21:57.012424,0x932e69ca033295195c7dd04386b13159601b4580860fd1dface9ba16bc43d699,3.976336ms
2024-01-23 08:22:12.061213,0x051cd4d0647f35ec98dc1e3ed1c2343d6edcb02131da6541f09cb41c4153379e,1.10522ms
2024-01-23 08:22:27.055023,0x2d946ff5b89ebb454bac2a91f8c1aaa3d55fedbc00f73145c2ae78313deb10cf,1.220032ms
2024-01-23 08:22:42.012435,0x3b56cc7627868bc7263662335c94d167e51dfc2668321e1e683fac3648c5d829,4.195059ms
2024-01-23 08:22:57.052460,0xd9d7e5049f074c39b1a45840a40db9ba0cc0ec268f482245a1f40956ab2d6070,1.063546ms
2024-01-23 08:23:12.051081,0xc4f311898ba8b826cbd41ae08065c3d104b4e6091ed5d874dc4c11bac86800a3,1.006907ms
2024-01-23 08:23:27.012200,0xc7625bd40efc8a973448dafa4ece034acacb51cfc4c8de572fc616f315f573f1,4.529363ms
2024-01-23 08:23:42.049573,0x841d56bce1e41b932a9c576005d36033869def3783c561c7fdcae47c528ff68e,927.511µs
2024-01-23 08:23:57.055553,0x1092e50bd975d0c9a938e94fbf830bb5bf07dcd501e8a91bc6d18012222aaf17,1.266117ms
2024-01-23 08:24:12.012407,0x37ed7f96c4ce8e3bb535ab9c314a72ea0c2b2c2cecc89dedf41a273afeb08b7f,4.440729ms
2024-01-23 08:24:27.042910,0xba1314628393a3d6e8ddb1eb5f0b912be569d28fbd32b1ae4d733bfe8cfc9cad,916.428µs
2024-01-23 08:24:42.052901,0x383eca42d1307c2c32e96d0af7c9ec9bc55cef06c09344178a6e62685a7bebfd,977.384µs
2024-01-23 08:24:57.011906,0xf4e57fa51e1bd8f50934516762fcda829de9d3caa4f1ccae0febe5a7e269c35b,4.106149ms
2024-01-23 08:25:12.045516,0xe8d008407d297441cea70a5c6e41461ab64a53e5b35180237851f754def5013c,1.218514ms
2024-01-23 08:25:27.053918,0x8ecead81cf14a9b954c1804f66c3ab204d613da390fd4d741f9c32849fdb580c,1.000906ms
2024-01-23 08:25:42.014672,0xa0a969b50bdc5e3775017a566cfb0fd0d0b390913654c519add8ef840b65e6af,3.837791ms
2024-01-23 08:25:57.050865,0x99e961efa755ba05d39fc60a44c9db236aab57ff677199bd22b19f3f27720461,1.137309ms
2024-01-23 08:26:12.057428,0x415fdbb807a36c85d619e8fe6a2ffe05509bc2332eef8796733876fef9db0b48,888.417µs
2024-01-23 08:26:27.011473,0x4856a9cc7a45ff34d168faaabe122fe3af50d0656628b4a2ffc49f8a9cd1a208,3.863549ms
2024-01-23 08:26:42.056402,0x286e59623656c34afc290532e290098e395429d20f668d948ae62de446f33bd7,1.146227ms
2024-01-23 08:26:57.017894,0x3a4ea6e5bf0436e5830f1a5a022c18836ab4f6ca1c1655cb59dad1ec363cb7ff,718.121µs
2024-01-23 08:27:12.011547,0xe36b27ed6fcedc22eff9971a391829dc0241541bdac91e5a1e95be451951c1b2,4.825796ms
2024-01-23 08:27:27.053603,0xd36cd62d55f38abd647055e8c7bdd947d4a750ae98edc168d470679ca5e09025,1.062363ms
2024-01-23 08:27:42.051631,0xa571dbd13a46b38afd7d6b20bf01eaf81d6f7ec0423f9115384eddf4af70e881,1.024971ms
2024-01-23 08:27:57.012365,0xf362409904d06137b9652ec741912075b52cb75c5136007209c35576367135e0,4.581703ms
2024-01-23 08:28:12.016833,0x918b2f848618462b6646d07c935eb71e14c9964eaefaa9ce4b398beda1981780,653.688µs
2024-01-23 08:28:27.004200,0x486123c509e382071cd24946ef48f79f951ef2b6f2d0146ae3ae8ae694820398,50.4µs
2024-01-23 08:28:42.011615,0x2d63d5c84a120532ddc20b404f8f69f3fccab45cb792d1ed335e0ace9c4baedc,3.834974ms
2024-01-23 08:28:57.054031,0x3ad5df2f00afc01119f855c03cd16c7c51fde903e4e4de53ce9ccec7e70e85f0,1.004958ms
2024-01-23 08:29:12.001558,0x5acaa1d20c3de2b18c7cd79bcbb26ed246d12bc24990ef610b3f9509da44dda6,12.377µs
2024-01-23 08:29:27.012743,0x78c5a6d793d557e639aaa02e7fbd1bf307970731bb882987f3d3cec6d4516133,4.220673ms
2024-01-23 08:29:42.049647,0xea4b9e2f99b4d4b16aaebe40ef8998b5fe6b1706c45aeb957d821ef21286ec0d,1.102072ms
2024-01-23 08:29:57.003965,0xfcf827a5f94ba5727e9aca4ce9adbb97d6525807d3c9c735f16105056add0ade,50.932µs
2024-01-23 08:30:12.002917,0xef3c8f5827228392da715893d5f288470a2a7893be7f58000316862ee4e384bc,809.505µs
2024-01-23 08:30:27.017782,0xdf12ca0c7628d785e118885d552d92bb962b5bbdd815d71991ce4f27e200521a,665.102µs
2024-01-23 08:30:42.001618,0xb4d73940beccade657aa74a9ecd82c66bc4a2c01baacbeb825e0cc77c3161d0d,9.692µs
2024-01-23 08:30:57.003038,0x21f4b1db64c81e55b7c647fd8e63ca306e4c1a6d559435f4a1e1cf2454767c02,778.646µs
2024-01-23 08:31:12.029444,0x7091ffaa1d5417b71d54b230ec46accdfbcb5e04b9f7c0ee20e7c7311c2acc2a,733.939µs
2024-01-23 08:31:27.003723,0xa0f8d0964d56c0d1d553524bb16ddf4c2ee72dbf26effb1a30b3885eaeac0edb,27.108µs
2024-01-23 08:31:42.010061,0x81a1c5e33cfa77c4b0841505bd9b3b97da3a073d1faa6978bc427cc4dad89af8,3.160976ms
2024-01-23 08:31:57.033980,0x194d5e288679c5f28a089e0ba0955c503a69a776d558a45a647b0cddc619ee2f,757.664µs
2024-01-23 08:32:12.004558,0x5c8b7081772587d8ccaf3da84e03e09cb5805b37ad9cdfcfc25d8a79c33d6c6a,65.046µs
2024-01-23 08:32:27.003120,0xba520ad0ad0c86b74bace930256b804c317202b9e0a387b0f54f5987902d1c90,880.002µs
2024-01-23 08:32:42.845991,0x714540e72d4ea0ef02545b5cc139ca89376212266e08c297b7a124f7a3ed2d00,78.834µs
measure_time,block_hash,read_duration,
2024-01-23 08:32:57.885477,0x525cdbcda51a4cb3f4828e6045213a61eecfdcc4e206ce7afb80714dd1969a21,768.837µs
2024-01-23 08:33:12.752321,0x385bfe161522c6b4c8aa41286a77df09b0ff4adb77e72322499947f10592eaa9,49.739µs
2024-01-23 08:33:27.973029,0x0f120ed87084c5c1fc9521e0819e369ff1fa68d3796d5cf1afcf5148252bf278,745.934µs
2024-01-23 08:33:42.004838,0xdf7ad65143c3fc333e84516a9e07e67c6265797e2bf1c97897722ac77c5dcf8f,64.233µs
2024-01-23 08:33:57.013898,0xc2c215fe77bbeeacfb40b37ef453eec1b487d9754a298730e3efa8e4c9e804ca,4.97979ms
2024-01-23 08:34:12.928987,0x76b34272814741fa48fc4582df8c245783617b78564c57be2b15bcc079a0bbc3,46.759µs
2024-01-23 08:34:27.937356,0xddc913b51e4adccb84535b24139e324cecb17984bd1982af080b21faf4bf3e0b,787.039µs
2024-01-23 08:34:42.882047,0x37c394edf6bac86c4fdaea526ef1c1b5085c7f158cbeaf91af870cf6e3698d7a,10.001µs
2024-01-23 08:34:57.622907,0x6bf463e3f2b8e5a4e284e33046b46a13489e16de452256042cdd0fd3de801db5,783.301µs
2024-01-23 08:35:12.005789,0x6500d646f6ed15b5c7f904bacfa994f3842aa9ea88063a5b951cd57baa136b1f,60.811µs
2024-01-23 08:35:27.007263,0xda4952b73d8af60484f90c43d9cc47a6d0e3a9bf66e649f918670c0f753a5ed9,731.263µs
2024-01-23 08:35:42.023555,0x9e9f8624e865d5aa83377b8611f01948a28c3b7862ba834c93ee202a5ea83f09,618.465µs
2024-01-23 08:35:57.004893,0x8e584bb55e2840880e6b8c5759a4d9ea08acccbfec7224a68d0e422e0e6c9df3,55.084µs
2024-01-23 08:36:12.011777,0xd07fe87ffce2e21bcde93eec8a04d7b6520a444be4893ce925bd66037c7633d5,4.377757ms
2024-01-23 08:36:27.033769,0xaa091ed43ef79e606814dc6c2fd86d6c380da6dc906aa190ed07912fa1fc6a6e,655.387µs
2024-01-23 08:36:42.003933,0x06ea2b41804b085ada89fa4143b98555b0aec1c764d3ccf462ddacd39f0bb7d2,50.748µs
2024-01-23 08:36:57.003346,0xbe8c26c141ddb9a9f93c6da34fffe0de7f3ec06824dd12a8b1887d2ac4b73aef,853.704µs
2024-01-23 08:37:12.027925,0xdc35dca5d561f96b0b47953e838bb68939c3a3ebf794cc26f4a81d40d8ff06df,634.239µs
2024-01-23 08:37:27.011849,0xdae29bc5e1edb5ada8433529c8eb63b538942c9dab64ae236f75adc5cdb5cf87,104.359µs
2024-01-23 08:37:42.012694,0x4eb4fd254ed77e8ecc61d2e14fddb9b9f0606f62406d60ab00cd05c0759ae2e2,4.251229ms
2024-01-23 08:37:57.030749,0xc0816c9abf270832d4cae5b42532abb81787ba931c3110633dcad0a9cb0d0468,678.872µs
2024-01-23 08:38:12.039957,0xd58266e80fe167ad09e79a6bdecd860e8baffe7bd24681a235637b3f2d7142f0,729.571µs
2024-01-23 08:38:27.002782,0xd7d656419ac27cbb4cecc17816edcc7eb7e0d60347d0a8969c88bba08c38be3c,800.379µs
2024-01-23 08:38:42.028231,0x2e1de06bb9e3411a037ea30dc9a418c50013a203697ee3ea4014164da0fdba41,682.921µs
2024-01-23 08:38:57.022195,0x64d4a2bdd9c8963e0a16c7ffdd75fa64da95c9453454e390b1432282dd7c6389,631.369µs
2024-01-23 08:39:12.012023,0x5683030023449c096dd17d6cdf92cc4d2affcb3845a8dbdba2226a21d0291e45,4.542822ms
2024-01-23 08:39:27.027503,0x50353e02a9d5393aeab7f3578a8c5f37f99be53556bb3c678b240bf6798b8965,686.494µs
2024-01-23 08:39:42.025248,0x069b681025061a4a6d08b558385dea3ba1d6d7b972098a4f85a761f32f49d028,634.032µs
2024-01-23 08:39:57.012565,0xc32c274c241540f3144971b912bafaaca836aa4d8ee39678f520d8149dd4b510,4.606658ms
2024-01-23 08:40:12.018627,0x2e7257360181ad23fdcbc5733d8067ffe8284123548322e945c2b22b031b63d9,639.303µs
2024-01-23 08:40:27.025453,0xcc412db32450e99df9905c20bec2defb5a4630497c4dbf5eae6ff3d519a4eee6,647.494µs
2024-01-23 08:40:42.007467,0x2a36e5ea3453e276bd81300eccb618d2d43227deb38906fc4c722660c089df42,750.108µs
2024-01-23 08:40:57.030226,0x3d09d49195f90adb52672737769c907d54a5aea8f42e314a0d6ac9601e96401d,678.133µs
2024-01-23 08:41:12.025578,0x2e165635d2de6b38794d278fe9d95f5c395b3ddf816d2114a5779947b4ec3571,634.227µs
2024-01-23 08:41:27.012147,0x77e8a1517cec8ec780002eb7994fbb287d9dc313e8413aac382edaab6b3ea7c3,4.364123ms
2024-01-23 08:41:42.027919,0x524881b35035de014a0cdd7240a6d2e0ceb8c47427b0dec38bcd0556f01529cd,656.481µs
2024-01-23 08:41:57.022322,0x884c9388170ba905238252443dd7fd64a77bf2453279ecb8f01c0d904b4b452e,591.383µs
2024-01-23 08:42:12.012494,0x915988a74ae61ed3d89cdcab1e9e75210fc92e029382eb4766188a85676a1800,4.262392ms
2024-01-23 08:42:27.028332,0xd95faa589e8ee55a943afd2fc1307fad1ecd16e5e7ee7db7b049a509b2f617a1,656.992µs
2024-01-23 08:42:42.021875,0xe425939165b7cf6f64304bfac05eb9823a55f8aafe9b74bc72aaf18b7b39daae,698.517µs
2024-01-23 08:42:57.008137,0xdb00f8940c71c916895299f843bddcdd98290bb43be9d32e89813eabc03e1aea,798.641µs
2024-01-23 08:43:12.024726,0xf8da20f77025b3860f117afabd20a2c67cc7c19bde42a720f3f995dbe49fe3e2,654.527µs
2024-01-23 08:43:27.020217,0xbfe7daf517dd0d852379cecf29e684829ccdc7e5c56b12a4ade9a5a3490dc37b,675.367µs
2024-01-23 08:43:42.011678,0xbac4b66532c7e1a6fdf3d19d9a71da99a2513fcf0c2482f8a1ddf3445bb68c8d,4.573639ms
2024-01-23 08:43:57.023240,0xe323beac004351d5b5a1d76fe5bec1f646072e415ed13a138d34a2d35c8455d6,630.984µs
2024-01-23 08:44:12.025972,0xa6312856a0b121ee7425fb06a332e1192f5dc88aaf1dd2e26fcc05623c9989ef,1.080399ms
2024-01-23 08:44:27.007574,0x145aacefb8293059a0493c5a8444ba97ab6085f43c342b7d8468a6985a8f18b7,850.419µs
2024-01-23 08:44:42.017930,0xad94fe5722fddb4bc35e1e9edb4b7d7b7ca0b7e322d96d312729d1bdb17952f6,687.83µs
2024-01-23 08:44:57.022210,0xc623f110c00b1a7c44c8c03e94d0826d323db8a3b31eb7ef7fc3d57dbb7f9ea3,647.898µs
2024-01-23 08:45:12.003218,0xa2c9f17724dc5fe453b53d4a2f5c902d9db8bd6e4a46001d2f68e05d41785109,874.244µs
2024-01-23 08:45:27.029921,0xa8f0389bd54d8703fc0159504f2447f36438745f6cae1ff105a652d5ad750c70,682.818µs
2024-01-23 08:45:42.022717,0xed395908cd3c29ce206f3aea927e57f28a36d34d9ae29444f20d2310c7095b34,691.624µs
2024-01-23 08:45:57.003187,0x49145859929bfbbb4e80c692c1037db983a8f19ec7b3a88e8039ede0345db7c2,915.875µs
2024-01-23 08:46:12.022584,0xe18d57bcc995e2f0d7b134b0e93f388125c1fa9917ccec55252ac46ce7fa8675,664.023µs
2024-01-23 08:46:27.038827,0x5e04df12c0b6a8a42add1a9e667ad1484fd72717cf0f3fb389b8c2604689afa8,667.429µs
2024-01-23 08:46:42.012607,0x1a7fa6032abfa9a06c53d37f537aa245f4cdf46708d650dca8e43ccea4c85879,4.183391ms
2024-01-23 08:46:57.028608,0x2ff1e87172e5041e3ad1eb773fe7c866121addb44a0d59e0ecc039f1316412d3,653.676µs
2024-01-23 08:47:12.020270,0xbda01d9ff3f849d298e6bf7b2e5f49f719f5fc41c21213d42be10da118c3dab1,680.232µs
2024-01-23 08:47:27.011641,0xb105a1a4a3418d9a27d063d76ec91f9aac19226f9b801f049cd7ad1f93e2a062,4.851764ms
2024-01-23 08:47:42.026305,0xa399767569a36ef1b17f037590b7a55e139bba670085025313d063997f4cfa50,736.129µs
2024-01-23 08:47:57.019835,0x0bbcb7c80d38204cd57e6d20807dd8d875ed83a155f1c9cf91d64c7ef5fe8b33,658.48µs
2024-01-23 08:48:12.012377,0xd7ca6a9ec46f90260455c935cef4b4f0488d18c357967528465c8990913c789b,4.627474ms
2024-01-23 08:48:27.028421,0xa0080a65a989a2de4572a5dd136e588be10bd26bf15f34f7d45b4e43dc55dfb4,695.833µs
2024-01-23 08:48:42.022018,0x3891805c7a8bc0724cbaefd4a2060e2176419d4132ab96f890bba7c1b2ee38f5,734.496µs
2024-01-23 08:48:57.007330,0xf8760495846abae470ac79148d8dbd7955c48277d5a8d83c0d9fce0a657f2604,807.85µs
2024-01-23 08:49:12.024980,0x5f64aa747fcaba5d3e59ff54d68d90beffbc49a7b76546d59784049267e1d433,668.969µs
2024-01-23 08:49:27.034782,0xf6d22973aa541b41ab7329278971cc84721ec9d674c1ae54b0beea26a9fba407,663.4µs
2024-01-23 08:49:42.008202,0x1f22c8181bfde42cd20f22fd78180a7040c44e68ae46b07f16b6a513d0e588cf,1.296106ms
2024-01-23 08:49:57.026401,0xfac386d8106be88d035afe3bca43eef371ef5a5d2f639b4af09263893044251b,675.921µs
2024-01-23 08:50:12.016837,0x495cdd56c32b9681a608be4a7d03711bba4e20bf4ccadfc6da7a6be39c887c15,659.534µs
2024-01-23 08:50:27.006938,0xe8f81544dbe44894cd532b1e24842841f1c0dd2d9a8d19c2ec63ffa8ce02599d,808.084µs
2024-01-23 08:50:42.019859,0xbf324ff9d95f5d37f5b067ac5222146d443a7a808d1f88c9b67bf56c08ecb316,687.205µs
2024-01-23 08:50:57.029861,0x6385ce249db62de4546cf4c0be007c268df70c2e34f0c7e2d40df0e82e9ca321,660.022µs
2024-01-23 08:51:12.003460,0xd678f883598a0e6ec30a61e4884cb8942c84a40a0148b99eb392afe408b8369e,1.160983ms
2024-01-23 08:51:27.025904,0x6fddc968313d5f8138137269b6ac405215aae756c9541bb89ede8abcdc880bcd,676.996µs
2024-01-23 08:51:42.029669,0x3fb8f82895b75a9d2986725d607d76b0c5f50302d67f2bd35dbbd079b5000227,679.014µs
2024-01-23 08:51:57.013724,0x4a76078da0434b68a6ac1ae44470e9f5d344b9569338d24a6c38c27a6dc9b0d8,4.929603ms
2024-01-23 08:52:12.022484,0x761712ad97402c625919641aeef1b99f731c6bf164156ac55a37ee0995bb65a3,732.6µs
2024-01-23 08:52:27.036047,0x186c24272467eb24e5245cda63344e2f2258d0f489a5261e7b011066ee4849da,671.26µs
2024-01-23 08:52:42.012386,0xabe88cf665d5a841dc88d56b0f6e20fc03b8b29aca6119fd19c400b4bc55615e,4.428363ms
2024-01-23 08:52:57.022471,0x8fa6bbc044b58bc2b1f8b10360c7032427b058c1d9de05873c00ce0af2182793,807.395µs
2024-01-23 08:53:12.018851,0x8a1ccee8fd6072fb431019d2af59ec1a0e4d606327be7407f1c47c424ddc3983,703.131µs
2024-01-23 08:53:27.007241,0x3d08d8e6680fc2b6ea9c8dd8cc32206d344c7b259d8853e06c17e83e8a6ef6f1,865.133µs
2024-01-23 08:53:42.026179,0x9ed63c08d309842037d7449c667561d044ce9cc0c86bb023db27c85fe4b8a2be,676.252µs
2024-01-23 08:53:57.028633,0x4b65e095fb19551915b6a8a07c6e2940d063e974c0df61e4db1b0e4ef82742fc,667.88µs
2024-01-23 08:54:12.012754,0xd5462a39b490bdc7ee0802d7402a95d02b40d0abf3f5b0abc2409a3e0d553a2c,5.101643ms
2024-01-23 08:54:27.020510,0xd9fc96adc0aa831c924b89eda942ddcb33a496822ee8fd5fdbed401ba927c5de,678.237µs
2024-01-23 08:54:42.028627,0x970f3ab4a27a34f42cde007412d4a9191b3fd2e5cadb7e21a61f0844887daaa0,760.12µs
2024-01-23 08:54:57.013108,0x2118925c55f6d0185a12f4ec06a102fe7a16dfbc8bb9462dd529ad3ef1073f2b,5.376555ms
2024-01-23 08:55:12.019905,0x9de8a6b440b895c952c0955fda1934ba3ea94bdfe7d5bd2e6630420b78561bf8,687.777µs
2024-01-23 08:55:27.062585,0xd4f089092a1ca57786de23ba9364f980ed282825edc3579e93b89068acc96168,1.238606ms
2024-01-23 08:55:42.007519,0xbb912fceedff0b419e7bea6bd624a5176f7c33e62bf7ee55e7f37660e9993ab5,821.814µs
2024-01-23 08:55:57.031160,0xba4a96c5672ae11f86123ca8bd00a166267cd1a8df9e8b4fd766820305f2b1a2,683.686µs
2024-01-23 08:56:12.020521,0x72c69b1560178722d9f52aa609ad0fe9732581e5f9afa60027afb6889a91c037,704.188µs
2024-01-23 08:56:27.013000,0x5f68fbfc711785a6e4dadca1ea2a0019d5c214da0d915c2ab9d4c47de5cc0d82,4.533114ms
2024-01-23 08:56:42.029152,0x9c95ef1305f6cc4d939b34737469056222a791e9fae8efd0c3987ecdcbb75457,718.234µs
2024-01-23 08:56:57.017367,0x0029b4dec104422df1949f4f9379f045762bcefa0190ca804a72b943dd010675,700.163µs
2024-01-23 08:57:12.003809,0x0234b36ea9c4c723b3f191b9d50192efc40386825ed56a10a5477006a317884f,1.220993ms
2024-01-23 08:57:27.029354,0x3c2bfa18341af2e3d2eb3c954160dfb5fc67c98d5624b4663d7858e6586f6a3a,1.153643ms
2024-01-23 08:57:42.020727,0x0b880d59917bc9240a4e8bcdfdbba7d28c40f822856fe527a95700e258e6d70a,713.22µs
2024-01-23 08:57:57.007823,0x5dcf0d37182c41bc5b3518025b77d3c179f8d3fb8f186a28869399c7eda80cac,781.962µs
2024-01-23 08:58:12.025358,0x55623c24baaef052a776e7d6bd55c1600ff94c0b7af039deb20985bdabccf786,749.368µs
2024-01-23 08:58:27.022077,0xc83bdd1432c9c465364055f65b3ef78c3327808b54e94884bf84b1c4b280079d,693.132µs
2024-01-23 08:58:42.004350,0xb30e4459d1548b9a25f43dc242f0e8337f6868550bb43553bba5571b8238338c,1.522945ms
2024-01-23 08:58:57.022642,0xd7b49420c8111a00c72e33198c2617076a153832c88363f11ab103042345d94c,732.512µs
2024-01-23 08:59:12.026738,0x03be97f0fe54b76a804a3d80aef13ea7784f29a2c21790df030c308a4f7f86fd,688.095µs
2024-01-23 08:59:27.002692,0xc6a4106155610ae3a5f1da21e45fdd07d4c52d0f556d7855f1d56a0a4843839d,689.692µs
2024-01-23 08:59:42.040795,0xd08c0cbd1a194e04dc7c0226264410893d18219083e9c8a5ab3ff9effd96ecc8,725.059µs
2024-01-23 08:59:57.022442,0x2f1eb07e461059f39ebf0a9e614b1f5628cded9a40d8b1eb21432b7bc215e290,723.934µs
2024-01-23 09:00:12.003486,0x82cee4693224567ea934d4dff95e5cf4998674e1ef272494cd2c852a74bc130a,914.632µs
2024-01-23 09:00:27.016874,0x502186516294c1f8c9227d226c021d65ccc4e2a20796dd7a5f6b10fd8db96062,738.867µs
2024-01-23 09:00:42.021317,0x4abffaed9f02fcb64f2d304924ccf07f454d4f9a5566d382a9c74aa82615987d,687.024µs
2024-01-23 09:00:57.010879,0x6728e878912332d619965aa6db9059ad407737301e3e0a99a1a315af71d406e8,2.803726ms
2024-01-23 09:01:12.041227,0x70cfcdd82c8641fb80b1d66f165cbeb2ec5e3aabce542980ec53074d3b083b90,698.186µs
2024-01-23 09:01:27.049030,0x13d2cbd86d40ed813e1cdbc12b9c8c6df5a6aba5fe8219f62ed5fb8b337afb79,1.006424ms
2024-01-23 09:01:42.012655,0x6c313ac42be42048499431fd9115482318ca5d2611c7b5820c6f51c86b953c63,4.425688ms
2024-01-23 09:01:57.026351,0x9d9e7a6c628418a672cb91fe05d84c87bf2084710508b4091662395a55eabd55,694.435µs
2024-01-23 09:02:12.039279,0x740e8a675aafd90e51a578c3e5a853f707221846ede8f42e352c628cf79f2242,806.196µs
2024-01-23 09:02:27.003074,0x24ca82d73a0b6ea88b798c89e4b881a88eb2a00a2fee8dae6acc1bbf5e98b452,940.407µs
2024-01-23 09:02:42.041217,0x16de37f74035f563ae8ec987418ca21014286913cb8501682ff915ce677da67a,686.237µs
2024-01-23 09:02:57.041238,0x81e174bc8a84708dace9910120aa614d22c6e168c69f07986f163baecbda3148,696.428µs
2024-01-23 09:03:12.013306,0xf70895ecabb4c7ba52f7b2bf34d16e4a5fb19e311033440d81c46be341d09169,4.590387ms
2024-01-23 09:03:27.021316,0xf1d28276196027fd4e58f25156b326c17b02acb156fb3a35e461db5c6186e29c,992.101µs
2024-01-23 09:03:42.016977,0x129c4081d1725a4d514e7189106f314d1e789826851dd742122071ffa58e6a4e,757.224µs
2024-01-23 09:03:57.012712,0x4cad64a522148da70bbb698bd9499adfae50a3f9c45d19e0538b9bda2b582a7d,4.624696ms
2024-01-23 09:04:12.030694,0xd0d48c8ea3eee62f74b4200a796411c0f3f268780b2b32ba87310f49c482643c,762.869µs
2024-01-23 09:04:27.021257,0xbcf2d69556f76e44721878c15c25002faa05eb65e444ea6e54279b8c8f19e515,1.101168ms
2024-01-23 09:04:42.007553,0xbb31f5a661fa0f1ae8b2ac159b04426fb0a7c7251e534836a078286bd28dd317,870.051µs
2024-01-23 09:04:57.040005,0xddd7be6ce97fb1b88fa976e2a629d4aa6872e110fec340fe25144299de599542,712.581µs
2024-01-23 09:05:12.023432,0x6aebbe3f4d07885157257ad2f78b939d1a1f989556662cde07a9ab153057fe3b,901.918µs
2024-01-23 09:05:27.002980,0x38b86a4dbed514aa37ac0a03870a5b55e691bbad8ff3a69fe1b52a3276afdea4,874.446µs
2024-01-23 09:05:42.021176,0xf92a9c95adb18e30e4435404a2a4896fb0ba0862481cc32def923dd3f66cd92d,741.621µs
2024-01-23 09:05:57.023370,0x148b4a788a2bfe11cea8dfb209e03f86b35c3ce432c232cd2b57e80bc7d7a246,706.277µs
2024-01-23 09:06:12.013635,0xa39bbd514857f325232afb656065869c57f882ad320a80e897a5966d7ddf9ab4,4.513312ms
2024-01-23 09:06:27.027187,0x3acc195bb086b450cccb5b79ca4725bb3eeabd73cf6f77bd9b7cefd6401dbeaf,714.093µs
2024-01-23 09:06:42.022252,0xa78170e9c48ed0830deada859f98426c284d0740f85b43df8075f727aa63043c,729.808µs
2024-01-23 09:06:57.013085,0x3b24c1bb0ef342338a82850ba491e8352ea28a93fb3ca282778c0abbe811d08d,4.695892ms
2024-01-23 09:07:12.034166,0x69124e0ff83a451d920b026eb4bfbadb76a19949fec9362faba1936b1f534f98,727.33µs
2024-01-23 09:07:27.022050,0xe90ca3ad471e2210906ad8a8fe27c3bad1064a2ba4440b0bf8fc7c5f71a0862c,819.541µs
2024-01-23 09:07:42.015617,0x59c03fa42eec38363c31a4cadbafd23ded59369d9b6836c892297612aa4ba3f0,6.965096ms
2024-01-23 09:07:57.029712,0x3cbfdf607abc7aa8d4274a2d2d0f59106c2a7a699f41d285e8a8675cb1ea2cc8,712.773µs
2024-01-23 09:08:12.021675,0xa8489c750521d02aa3fae3956efba1296614cf36deb044d0a915887111049810,805.018µs
2024-01-23 09:08:27.003895,0x9d6486a80ead437e30a029b9d1d27f000d052fa33f1b244af44e8b88b4e70801,731.574µs
2024-01-23 09:08:42.037152,0x8103ee391f3715e0637cd4b3217320c300bf578ec62bea901eebe018b31caba2,720.569µs
2024-01-23 09:08:57.028152,0x4cdf28ff57d40dceb84b95248cc0fe49b8db8821e703ff46290690a730f02d0b,738.812µs
2024-01-23 09:09:12.003326,0xf59840c476a0c32fc75b3064417f009f2c4fd1c81a14798e7d284b6e546be7d7,1.126082ms
2024-01-23 09:09:27.024310,0xa3ba9daafc445d696ce4d55522525bce1179803b98bbbe9d55e5fa5c910cab7d,713.701µs
2024-01-23 09:09:42.022373,0x977f67b8c9328701b0b7075996653b022678af8334d9d123404f40e11638f100,789.188µs
2024-01-23 09:09:57.008792,0x6b4e8899845766caffc775e4707dee0ca2693001a5f15c218b7f67c89c855c53,3.521368ms
2024-01-23 09:10:12.024008,0x2c56b90339f6dcfbbab4b1292a6a0353998e602fc34d58a9a3a1eee59c7d9a94,720.488µs
2024-01-23 09:10:27.024068,0x0e827c8cf642d1f8811dcc3643a1047c3339dc561ee7adeffd3e7f91efac7fd6,724.232µs
2024-01-23 09:10:42.003644,0x378bcc7afefdcad9deae9e44bfe39b7add403c58c9b938fa19c9389f59fbcd1f,1.200385ms
2024-01-23 09:10:57.034489,0x5a87fc7cb7d026b294358039a844d0a9596bac5ff6c316b7733f34b7d8b65f90,805.738µs
2024-01-23 09:11:12.020355,0x51b6b2f49384e2112f3c8413ac5bc891740ba36a4eaef8e9c47feef846a9b2f6,735.095µs
2024-01-23 09:11:27.013784,0xdd570357d5db99f26be6562cd3156083d87ab6473f5a8135d11ba19e8f1f2524,4.667351ms
2024-01-23 09:11:42.024288,0xd0856ff595d11497289d1efdf2bf674d9ce15507c94bfea81766b9fd48df593f,708.046µs
2024-01-23 09:11:57.035863,0x7313e8c2dd017228411dd4b0049770c4bdf3cb0cbceb96367218acecc924136f,721.301µs
2024-01-23 09:12:12.003441,0x73f276efa27dcc27570b2b16235c843a5ecd095b16da334a7d919c89a334940e,815.017µs
2024-01-23 09:12:27.023982,0x1562cf719d15101b5f6998632fc58995583addc80c0e06a7a6bac216e96152f3,819.174µs
2024-01-23 09:12:42.039760,0x4b78cdabe7b2ac829c8ea2030a052defa9eebf7bd0fabf3082327b5ff180baf7,725.533µs
2024-01-23 09:12:57.007898,0x42585094cdabd8e586fbd61c24153343c1e39dc3474763b466677b04dc670b95,903.677µs
2024-01-23 09:13:12.036601,0x6305bcbeae250c206dae47f5c497e5bb15814e065ea80e4c69af83c06b4d54ad,760.589µs
2024-01-23 09:13:27.035930,0xd170a49b130fe7e0259f32960f804c52ce751b283cad5478586e6d811ea87a1e,1.165749ms
2024-01-23 09:13:42.013545,0xdfd1ac7e2aaeb51befe46bfe7141cf84b7f45ff0eee7f1731d58cc529a3f1a2a,5.098481ms
2024-01-23 09:13:57.022796,0xe05035a37d6469471b82fc11c498b002d99443d3b6c4f0d803ce6b4ad3a2c262,755.96µs
2024-01-23 09:14:12.018159,0x37d1a114e4a143f21c61cdf4332211aea3df2cb7dd1e28b7fcfe0f59651357cf,719.831µs
2024-01-23 09:14:27.007274,0x6904f1a7929895c7bd99d855d6ab2e4bbc37ebd7993c8eff23da1c2ecc994877,843.016µs
2024-01-23 09:14:42.029238,0x55149557b84740f5080e6e2f3bb39c51c08db06495a969814384bde5843d499c,803.872µs
2024-01-23 09:14:57.021984,0x7bed2c9b31a82274f6bc81032288bc517822e0a717557413112fe7e662532ab3,738.622µs
2024-01-23 09:15:12.013836,0x0ddc72531520a56b26e76f28566e4f7a219b623f7e93b782cdd570e6da43b96c,4.528121ms
2024-01-23 09:15:27.025451,0xdbaa7f04ccda4b02bd3cc6a7ff5ee182eb6fdb4a365b969f4a29eeb2b4261f96,759.061µs
2024-01-23 09:15:42.022914,0x8caef3e9c468a272e1ba4426df1ddea3e12479b648cca531f6019eef758f6670,731.017µs
2024-01-23 09:15:57.003091,0xe268178c9323f12d87366fd37c4bf5e2545f462ea842fa85dca3b471f5085628,795.89µs
2024-01-23 09:16:12.023262,0x58852610e70c8bae7c09eb36a2dbee50749101f5bd4af9a20be33e805d30ddbf,758.926µs
2024-01-23 09:16:27.066238,0x3ed6ceb8de6d7aabaaea97f2249f97fea9ba60376f68053722e6615d6836b098,1.355594ms
2024-01-23 09:16:42.015259,0x338b86aba4be7aa3a48a17e521fcd99e4e8252d30852308eafde55dbeb7e5f1b,5.641131ms
2024-01-23 09:16:57.026406,0x1118f5be081cf45aa6ad1c6fdd11c7d889ac82f5f7da56e3656d2ceefc47e14b,771.876µs
2024-01-23 09:17:12.029843,0x1e0c7491f722cb09cfd260e9c2db9acff678e9751f255678735f4e146db03bad,844.405µs
2024-01-23 09:17:27.015390,0x307619e7f8b8046cae3dbe196db3a2f31afa60978982cebe161957b4b4043db5,4.890278ms
2024-01-23 09:17:42.068552,0x69dffbba7bf1b22477e617cad89b9007f1c8284805a70c1090e7c8c8aea8e33e,1.068134ms
2024-01-23 09:17:57.023694,0x04c6d041d1441504290106349fdf92a82290ff51cead0bb3bec301f3534da591,777.307µs
2024-01-23 09:18:12.007633,0x1ba66f3ad5da0ba665922b415c642d9f26c4d1aee9ae2d918086476258d8c538,927.392µs
2024-01-23 09:18:27.027200,0x53ad9d340123a150cb70787db0e19b8ee1533f784350c781c76ef2fe08e77275,798.826µs
2024-01-23 09:18:42.063393,0xf75b472ccdc9061c81ab42a1c767990e71e02ced288d593912160470e838ae4a,1.01184ms
2024-01-23 09:18:57.008331,0x159f4c67a2659f3f21a7135a7a3dd030fad7d177eb4ed15c4d9f48905c994650,901.622µs
2024-01-23 09:19:12.042098,0xe191f2bdb26b12bf43fddf2ef921e2dcfbef109b2ff2d685c80d42cb34814dab,771.185µs
2024-01-23 09:19:27.023272,0xd446d2a47905904111a760925b3af0cb828761a59fd194fe8f2c7a35d25834ad,847.043µs
2024-01-23 09:19:42.006034,0x10cc237ddc0b18a2073471a49fc5ab89bfa8446fe2c0dc5c45b13cd4cd000ea4,1.795311ms
2024-01-23 09:19:57.034865,0x5b57230976c8affaf528c39cf0ba345fa7044b09c5391ec7b9a0896990ea579a,782.897µs
2024-01-23 09:20:12.023582,0x96fd5e4aa67e89644cebc5dd150dfe5b0dab3d6accf0106c8f8d906341c66916,849.101µs
2024-01-23 09:20:27.014928,0x2731e6ff2ee2c57e4400420d8d79b872b3ba5fd74f1b964e2758e16e6ff1912b,5.257775ms
2024-01-23 09:20:42.036554,0x24041d087d0e92365b6b68d0cc647dbda410fa1a5c5e714c2809f8a95f4a3a96,1.219753ms
2024-01-23 09:20:57.019270,0xbf60733d9bcc1ce242c433aa5ce3f124c15373dd618462b8fe7d1bc3cdd273f1,755.149µs
2024-01-23 09:21:12.014043,0xf6c9005001485dd0314dabe93d146b66b3bc3e379bd6441bcbfa3d82a5a7b5c6,4.372131ms
2024-01-23 09:21:27.037599,0x6739b6a2999b52d48a7b83f48a936ac4d6e6cf4932ce5c517d7d7d34c901e648,741.345µs
2024-01-23 09:21:42.022748,0x7462fac4aeaa48e284b68fbfe05301e608ccd855d4ecbadb7d933b5a40ecc70f,742.92µs
2024-01-23 09:21:57.013674,0xbad6f31d53254e80a2c61dc72eda1e56b8271754b9b43f8bf9f1106d3ae4cdf4,4.531097ms
2024-01-23 09:22:12.032049,0xd88961939efd8f746da4439a55888d6afda1ca658bcab5a6830efabd34aca168,746.687µs
2024-01-23 09:22:27.030368,0xd6f22d5087a0161bee12d3e7bc38a0f47ef9f4707dc67ea21111a9b685795323,1.613505ms
2024-01-23 09:22:42.003951,0x4c2753bec27648dcdb311475edeb421b18c771f4b286c945a5e9c082eb482c89,1.262843ms
2024-01-23 09:22:57.027340,0x2ee7c5bd944ca28628ea5e9ce60f6f222c4dda2cba14d421ccf2117a389fe296,746.031µs
2024-01-23 09:23:12.031852,0x540c60a9b9af890cbc530c6362b877f292c222032475eba786e4ca087edc8cd1,739.991µs
2024-01-23 09:23:27.007729,0xb2f3ff685dcf7e6eb8c002287367665b1fb113522083b1967d2e7e5a14752b92,780.023µs
2024-01-23 09:23:42.024616,0x4aff2c23710e071874e87005d6517924f4ac47514bdaddd22a36b44a8577f235,808.892µs
2024-01-23 09:23:57.019387,0x7c8f2416f5b741815d807f0804d0a1162a07007bc2b8a9a88e02d67731e917c0,742.259µs
2024-01-23 09:24:12.003743,0x6977052df97e372cb5edf7b1b43abf890264af80eeb175ced3936b9583e3dd06,1.079034ms
2024-01-23 09:24:27.029844,0x1e900d24ec6e6b1d38489acfcd8b38533beca001b7efd2624a0e0e2dc7b51a66,743.912µs
2024-01-23 09:24:42.022446,0xed49707b19cc9ae95e64d047e3baa07bdcd3072ed83e0ab4b69b64d213392a52,754.022µs
2024-01-23 09:24:57.008197,0x2f46815c98c38068333dbf4589c249f0139e1cc8483aba29e5df1c1fc9a92595,979.097µs
2024-01-23 09:25:12.027567,0x55c743f22d51b5292e05372f762c5d36c551a976e425ebed0bf31e464b193d51,776.471µs
2024-01-23 09:25:27.031994,0x813045b9abe4c0f9b79f8e259b3df86990e9cecfb9aed16fedbbea0962206fc5,763.781µs
2024-01-23 09:25:42.003603,0x6aa8261b902c4a5f247604bd0458e33132adf524937c9b1b4f40a1d9484c1504,961.631µs
2024-01-23 09:25:57.022363,0xdf28b17e18354cab6fdf3a005b33ac95d51312395967b58af2a7f0d092d5991e,761.911µs
2024-01-23 09:26:12.041405,0xd0c439df8a3795706aee31dce27038e4c4dbbff7b7faa1838c08a2759b5f9ecd,757.098µs
2024-01-23 09:26:27.003245,0x03fc9a6d4414669e64378605b7c8b201757784a877d36bb8fe45c25924839e36,871.557µs
2024-01-23 09:26:42.023809,0xa4752c304801f46653a85e1adb3aff950527933a872362eb2219b2283d1f48d2,757.82µs
2024-01-23 09:26:57.034792,0x17482a3f9e5fcd6506a1bf25bfff6c7df3671a4aac32e381a7f444307cb6dcf3,765.956µs
2024-01-23 09:27:12.003260,0x56eb6161eabe3ac71a139b3d39fae200bc45454d0ccbce8092c14b2a1777caa9,829.176µs
2024-01-23 09:27:27.033431,0xe7c223a6e5ee62a63eb5d39bb461908e47a422f61cabec3b62e9151a6b1e628a,752.51µs
2024-01-23 09:27:42.034487,0x7b027264d9cdeff6cb8508cf1bd18c52c8d6f5f2a7e9a7c732b75e6e527d2722,770.836µs
2024-01-23 09:27:57.007898,0xe6d06da3f1bdc8f62b703d2e7d01d7e7fc6190877f64e9a8a5a95a6749ffa3bb,799.202µs
2024-01-23 09:28:12.027236,0xf44f40d41531ec7d2fbb95e235c60ee337fa574d212301b76ffa404fb3ac515e,1.261213ms
2024-01-23 09:28:27.038234,0x52d9ccb452f9f948c5c5d4659d16a74c6ffb42e210d5d9d27acff07d2dcd5653,784.372µs
2024-01-23 09:28:42.007567,0x8c4eb04a1dea5d30657cfadd5edd5a185eb29ac8faa69c157f637d4b9a4ddf39,848.915µs
2024-01-23 09:28:57.031599,0x77db0b92aa1127e3b45d69c058cb78fe15fbb70ed878a87c74aa7cdecec44647,1.144863ms
2024-01-23 09:29:12.029675,0x6f9f3035967056abcb1ff1f115fa25ed4f0f99196cd128de7b921f9682d6927b,905.921µs
2024-01-23 09:29:27.008470,0xcae5234569947a62c78e3a4bf1c4bbbf5140be1938954f25c887b240095f0b68,948.613µs
2024-01-23 09:29:42.024160,0x955f11142e63454f8b2f7b53e1bbd6a9ccd6ce1863f8a24e0b9126ff7c2b7049,876.711µs
2024-01-23 09:29:57.028226,0x1f7e619c2638b138a81f6f3b67393cb11ccb066c77468adaee2f0e50d52da978,762.173µs
2024-01-23 09:30:12.005058,0xd7cdf1146b8d98d33cca3f0b7f3216047e8d4df7a5f9a4684ece0e541eee66a4,1.837938ms
2024-01-23 09:30:27.041323,0xf2c7d470811018c384f612a704e484235c2beea8ecc380ee2b6c972284446bae,758.446µs
2024-01-23 09:30:42.028570,0x3293cf1ba3e49761f91ff3ab51aba34306aad5bb810535df154befca155205f5,781.566µs
2024-01-23 09:30:57.007463,0xe76fb269987f482ac88e2fee1b5ca52d8dfe6df5371a4c638f6408ca82f92aa6,809.578µs
measure_time,block_hash,read_duration,
measure_time,block_hash,read_duration,
measure_time,block_hash,read_duration,
